Strain_Host_Check_Dictionary,strain_host_use,HostCategory,Commonname,Species,Order-Family-Genus-Species,Taxonomic_Level,Isolate_Count_Sum
cooper s hawk,cooper's hawk,wildbird,Cooper's hawk,Accipiter cooperii,Accipitriformes-Accipitridae-Accipiter-Accipiter cooperii,Species,9
coopers hawk,cooper's hawk,wildbird,Cooper's hawk,Accipiter cooperii,Accipitriformes-Accipitridae-Accipiter-Accipiter cooperii,Species,1
cooper's hawk,cooper's hawk,wildbird,Cooper's hawk,Accipiter cooperii,Accipitriformes-Accipitridae-Accipiter-Accipiter cooperii,Species,7
cooper's s hawk,cooper's hawk,wildbird,Cooper's hawk,Accipiter cooperii,Accipitriformes-Accipitridae-Accipiter-Accipiter cooperii,Species,1
cooper'ss hawk,cooper's hawk,wildbird,Cooper's hawk,Accipiter cooperii,Accipitriformes-Accipitridae-Accipiter-Accipiter cooperii,Species,1
accipiter gentilis schvedowi,accipiter gentilis schvedowi,wildbird,Northern goshawk,Accipiter gentilis,Accipitriformes-Accipitridae-Accipiter-Accipiter gentilis,Species,1
northern goshawk,northern goshawk,wildbird,Northern goshawk,Accipiter gentilis,Accipitriformes-Accipitridae-Accipiter-Accipiter gentilis,Species,18
accipiter gularis,accipiter gularis,wildbird,Japanese sparrowhawk,Accipiter gularis,Accipitriformes-Accipitridae-Accipiter-Accipiter gularis,Species,1
eurasian sparrowhawk,eurasian sparrowhawk,wildbird,Eurasian sparrowhawk,Accipiter nisus,Accipitriformes-Accipitridae-Accipiter-Accipiter nisus,Species,2
sharp shinned hawk,sharp shinned hawk,wildbird,Sharp-shinned Hawk,Accipiter striatus,Accipitriformes-Accipitridae-Accipiter-Accipiter striatus,Species,1
crested goshawk,crested goshawk,wildbird,Crested goshawk,Accipiter trivirgatus,Accipitriformes-Accipitridae-Accipiter-Accipiter trivirgatus,Species,1
goshawk,goshawk,wildbird,NA,NA,Accipitriformes-Accipitridae-Accipiter-NA,Genus,5
sparrowhawk,sparrowhawk,wildbird,NA,NA,Accipitriformes-Accipitridae-Accipiter-NA,Genus,3
golden eagle,golden eagle,wildbird,Golden eagle,Aquila chrysaetos,Accipitriformes-Accipitridae-Aquila-Aquila chrysaetos,Species,2
grey faced buzzard,grey faced buzzard,wildbird,Grey-faced buzzard,Butastur indicus,Accipitriformes-Accipitridae-Butastur-Butastur indicus,Species,1
buteo buteo,buteo buteo,wildbird,Eurasian buzzard,Buteo buteo,Accipitriformes-Accipitridae-Buteo-Buteo buteo,Species,6
common bussard,eurasian buzzard,wildbird,Eurasian buzzard,Buteo buteo,Accipitriformes-Accipitridae-Buteo-Buteo buteo,Species,1
common buzzard,eurasian buzzard,wildbird,Eurasian buzzard,Buteo buteo,Accipitriformes-Accipitridae-Buteo-Buteo buteo,Species,65
red tailed hawk,red tailed hawk,wildbird,Red-tailed hawk,Buteo jamaicensis,Accipitriformes-Accipitridae-Buteo-Buteo jamaicensis,Species,58
eastern buzzard,eastern buzzard,wildbird,Eastern buzzard,Buteo japonicus,Accipitriformes-Accipitridae-Buteo-Buteo japonicus,Species,9
rough legged hawk,rough legged hawk,wildbird,Rough-legged buzzard,Buteo lagopus,Accipitriformes-Accipitridae-Buteo-Buteo lagopus,Species,1
red shouldered hawk,red shouldered hawk,wildbird,Red-shouldered hawk,Buteo lineatus,Accipitriformes-Accipitridae-Buteo-Buteo lineatus,Species,3
swainson's hawk,swainson's hawk,wildbird,Swainson's hawk,Buteo swainsoni,Accipitriformes-Accipitridae-Buteo-Buteo swainsoni,Species,2
western marsh harrier,western marsh harrier,wildbird,Western marsh harrier,Circus aeruginosus,Accipitriformes-Accipitridae-Circus-Circus aeruginosus,Species,2
harrier,harrier,wildbird,NA,NA,Accipitriformes-Accipitridae-Circus-NA,Genus,1
marsh harrier,marsh harrier,wildbird,NA,NA,Accipitriformes-Accipitridae-Circus-NA,Genus,1
red backed hawk,red backed hawk,wildbird,Red-backed hawk,Geranoaetus polyosoma,Accipitriformes-Accipitridae-Geranoaetus-Geranoaetus polyosoma,Species,1
bearded vulture,bearded vulture,wildbird,Bearded vulture,Gypaetus barbatus,Accipitriformes-Accipitridae-Gypaetus-Gypaetus barbatus,Species,1
gypaetus barbatus,gypaetus barbatus,wildbird,Bearded vulture,Gypaetus barbatus,Accipitriformes-Accipitridae-Gypaetus-Gypaetus barbatus,Species,2
gyps fulvus,gyps fulvus,wildbird,Eurasian griffon,Gyps fulvus,Accipitriformes-Accipitridae-Gyps-Gyps fulvus,Species,3
white tailed eagle,white tailed eagle,wildbird,White-tailed sea eagle,Haliaeetus albicilla,Accipitriformes-Accipitridae-Haliaeetus-Haliaeetus albicilla,Species,21
white tailed sea eagle,white tailed sea eagle,wildbird,White-tailed sea eagle,Haliaeetus albicilla,Accipitriformes-Accipitridae-Haliaeetus-Haliaeetus albicilla,Species,3
withe tiled eagle,withe tiled eagle,wildbird,White-tailed sea eagle,Haliaeetus albicilla,Accipitriformes-Accipitridae-Haliaeetus-Haliaeetus albicilla,Species,1
bald eagle,bald eagle,wildbird,Bald eagle,Haliaeetus leucocephalus,Accipitriformes-Accipitridae-Haliaeetus-Haliaeetus leucocephalus,Species,62
black kite,black kite,wildbird,Black kite,Milvus migrans,Accipitriformes-Accipitridae-Milvus-Milvus migrans,Species,2
crested eagle,crested eagle,wildbird,Guiana crested eagle,Morphnus guianensis,Accipitriformes-Accipitridae-Morphnus-Morphnus guianensis,Species,1
anseriformes,anseriformes,wildbird,NA,NA,Anseriformes-NA-NA-NA,Order,7
bl h gull,bl h gull,wildbird,NA,NA,Charadriiformes-NA-NA-NA,Order,1
shorebird,shorebird,wildbird,NA,NA,Charadriiformes-NA-NA-NA,Order,402
wild chicken,wild chicken,wildbird,NA,NA,Galliformes-NA-NA-NA,Order,1
babbler,babbler,wildbird,NA,NA,Passeriformes-NA-NA-NA,Order,1
hooded vulture,hooded vulture,wildbird,Hooded vulture,Necrosyrtes monachus,Accipitriformes-Accipitridae-Necrosyrtes-Necrosyrtes monachus,Species,3
mountain hawk eagle,mountain hawk eagle,wildbird,Mountain hawk eagle,Nisaetus nipalensis,Accipitriformes-Accipitridae-Nisaetus-Nisaetus nipalensis,Species,1
harris hawk,harris hawk,wildbird,Harris's hawk,Parabuteo unicinctus,Accipitriformes-Accipitridae-Parabuteo-Parabuteo unicinctus,Species,4
harris's hawk,harris hawk,wildbird,Harris's hawk,Parabuteo unicinctus,Accipitriformes-Accipitridae-Parabuteo-Parabuteo unicinctus,Species,1
osprey,osprey,wildbird,Osprey,Pandion haliaetus,Accipitriformes-Pandionidae-Pandion-Pandion haliaetus,Species,1
aix galericulata,aix galericulata,wildbird,Mandarin duck,Aix galericulata,Anseriformes-Anatidae-Aix-Aix galericulata,Species,1
decoy duck,decoy duck,wildbird,NA,NA,Anseriformes-Anatidae-NA-NA,Family,1
greyduck,greyduck,wildbird,NA,NA,Anseriformes-Anatidae-NA-NA,Family,1
mallard black duck hybrid,mallard black duck hybrid,wildbird,NA,NA,Anseriformes-Anatidae-NA-NA,Family,11
aalopochen aegyptiaca,alopochen aegyptiaca,wildbird,Egyptian goose,Alopochen aegyptiaca,Anseriformes-Anatidae-Alopochen-Alopochen aegyptiaca,Species,1
egyptian goose,egyptian goose,wildbird,Egyptian goose,Alopochen aegyptiaca,Anseriformes-Anatidae-Alopochen-Alopochen aegyptiaca,Species,7
brazilian teal,brazilian teal,wildbird,Brazilian Teal,Amazonetta brasiliensis,Anseriformes-Anatidae-Amazonetta-Amazonetta brasiliensis,Species,1
anas acuta,anas acuta,wildbird,Northern pintail,Anas acuta,Anseriformes-Anatidae-Anas-Anas acuta,Species,5
northen pintail,northen pintail,wildbird,Northern pintail,Anas acuta,Anseriformes-Anatidae-Anas-Anas acuta,Species,1
norther pintail,northen pintail,wildbird,Northern pintail,Anas acuta,Anseriformes-Anatidae-Anas-Anas acuta,Species,1
northern pintail,northen pintail,wildbird,Northern pintail,Anas acuta,Anseriformes-Anatidae-Anas-Anas acuta,Species,801
mallard x black duck,mallard x black duck,wildbird,NA,NA,Anseriformes-Anatidae-NA-NA,Family,1
pintail,pintail,wildbird,Northern Pintail,Anas acuta,Anseriformes-Anatidae-Anas-Anas acuta,Species,156
migratory duck,migratory duck,wildbird,NA,NA,Anseriformes-Anatidae-NA-NA,Family,31
cape teal,cape teal,wildbird,Cape widgeon,Anas capensis,Anseriformes-Anatidae-Anas-Anas capensis,Species,1
chestnut teal,chestnut-breasted teal,wildbird,Chestnut-breasted teal,Anas castanea,Anseriformes-Anatidae-Anas-Anas castanea,Species,2
american green winged teal,green winged teal ,wildbird,Eurasian teal,Anas crecca,Anseriformes-Anatidae-Anas-Anas crecca,Species,335
anas carolinensis,anas carolinensis,wildbird,Eurasian teal,Anas crecca,Anseriformes-Anatidae-Anas-Anas crecca,Species,2
anas crecca,anas crecca,wildbird,Eurasian teal,Anas crecca,Anseriformes-Anatidae-Anas-Anas crecca,Species,12
commom teal,common teal,wildbird,Eurasian teal,Anas crecca,Anseriformes-Anatidae-Anas-Anas crecca,Species,2
common teal,common teal,wildbird,Eurasian teal,Anas crecca,Anseriformes-Anatidae-Anas-Anas crecca,Species,190
common teal(anas crecca),common teal,wildbird,Eurasian teal,Anas crecca,Anseriformes-Anatidae-Anas-Anas crecca,Species,1
eurasian teal,eurasian teal,wildbird,Eurasian teal,Anas crecca,Anseriformes-Anatidae-Anas-Anas crecca,Species,14
green winged teal,green winged teal,wildbird,Eurasian teal,Anas crecca,Anseriformes-Anatidae-Anas-Anas crecca,Species,317
green winged teal (anas crecca),green winged teal (anas crecca),wildbird,Eurasian teal,Anas crecca,Anseriformes-Anatidae-Anas-Anas crecca,Species,1
green winged teal(anas crecca),green winged teal(anas crecca),wildbird,Eurasian teal,Anas crecca,Anseriformes-Anatidae-Anas-Anas crecca,Species,4
red billed teal,red billed teal,wildbird,Red-billed teal,Anas erythrorhyncha,Anseriformes-Anatidae-Anas-Anas erythrorhyncha,Species,1
chilean teal,yellow-billed teal,wildbird,Yellow-billed teal,Anas flavirostris,Anseriformes-Anatidae-Anas-Anas flavirostris,Species,10
yellow billed teal,yellow billed teal,wildbird,Yellow-billed teal,Anas flavirostris,Anseriformes-Anatidae-Anas-Anas flavirostris,Species,23
sentinel duck,sentinel duck,wildbird,NA,NA,Anseriformes-Anatidae-NA-NA,Family,5
yellow billed pintail,yellow billed pintail,wildbird,Yellowbilled pintail,Anas georgica,Anseriformes-Anatidae-Anas-Anas georgica,Species,23
gray teal,gray teal,wildbird,Grey teal,Anas gracilis,Anseriformes-Anatidae-Anas-Anas gracilis,Species,5
grey teal,grey teal,wildbird,Grey teal,Anas gracilis,Anseriformes-Anatidae-Anas-Anas gracilis,Species,21
anas plathyrhynchos,anas platyrhynchos,wildbird,Mallard,Anas platyrhynchos,Anseriformes-Anatidae-Anas-Anas platyrhynchos,Species,7
anas platyrhynchos,anas platyrhynchos,wildbird,Mallard,Anas platyrhynchos,Anseriformes-Anatidae-Anas-Anas platyrhynchos,Species,270
anas platyrynchos,anas platyrhynchos,wildbird,Mallard,Anas platyrhynchos,Anseriformes-Anatidae-Anas-Anas platyrhynchos,Species,2
mallard,mallard,wildbird,Mallard,Anas platyrhynchos,Anseriformes-Anatidae-Anas-Anas platyrhynchos,Species,5868
mallard (anas platyrhynchos),mallard (anas platyrhynchos),wildbird,Mallard,Anas platyrhynchos,Anseriformes-Anatidae-Anas-Anas platyrhynchos,Species,8
wild duck,wild duck,wildbird,NA,NA,Anseriformes-Anatidae-NA-NA,Family,152
mallard(anas platyrhynchos),mallard,wildbird,Mallard,Anas platyrhynchos,Anseriformes-Anatidae-Anas-Anas platyrhynchos,Species,28
mallard.maryland,mallard.maryland,wildbird,Mallard,Anas platyrhynchos,Anseriformes-Anatidae-Anas-Anas platyrhynchos,Species,1
feral duck,feral duck,wildbird,NA,NA,Anseriformes-Anatidae-NA-NA,Family,1
mllard,mallard,wildbird,Mallard,Anas platyrhynchos,Anseriformes-Anatidae-Anas-Anas platyrhynchos,Species,1
msllard,mallard,wildbird,Mallard,Anas platyrhynchos,Anseriformes-Anatidae-Anas-Anas platyrhynchos,Species,1
sentinel mallard,sentinel mallard,wildbird,Mallard,Anas platyrhynchos,Anseriformes-Anatidae-Anas-Anas platyrhynchos,Species,2
anas poecilorhyncha,anas poecilorhyncha,wildbird,Indian spot-billed duck,Anas poecilorhyncha,Anseriformes-Anatidae-Anas-Anas poecilorhyncha,Species,1
pochard duck,pochard duck,wildbird,NA,NA,Anseriformes-Anatidae-NA-NA,Family,2
black duck,black duck,wildbird,NA,NA,Anseriformes-Anatidae-Anas-NA,Genus,28
spot billed duck,spot billed duck,wildbird,NA,NA,Anseriformes-Anatidae-Anas-NA,Genus,67
spotbill duck,spotbill duck,wildbird,NA,NA,Anseriformes-Anatidae-Anas-NA,Genus,10
wildduck,wildduck,wildbird,NA,NA,Anseriformes-Anatidae-Anas-NA,Genus,1
black headed goose,black headed goose,wildbird,NA,NA,Anseriformes-Anatidae-Anas-NA,Genus,2
goldeneye duck,goldeneye duck,wildbird,NA,NA,Anseriformes-Anatidae-Bucephala-NA,Genus,1
whistling duck,whistling duck,wildbird,NA,NA,Anseriformes-Anatidae-Dendrocygna-NA,Genus,2
wild geese,wild geese,wildbird,NA,NA,Anseriformes-Anatidae-Anas-NA,Genus,6
wild goose,wild goose,wildbird,NA,NA,Anseriformes-Anatidae-Anas-NA,Genus,34
shoveller duck,shoveller duck,wildbird,NA,NA,Anseriformes-Anatidae-Spatula-NA,Genus,1
anser albifrons,anser albifrons,wildbird,White-fronted goose,Anser albifrons,Anseriformes-Anatidae-Anser-Anser albifrons,Species,13
greater white fronted goose,greater white fronted goose,wildbird,White-fronted goose,Anser albifrons,Anseriformes-Anatidae-Anser-Anser albifrons,Species,63
white front goose,white front goose,wildbird,White-fronted goose,Anser albifrons,Anseriformes-Anatidae-Anser-Anser albifrons,Species,4
white fronted goose,white fronted goose,wildbird,White-fronted goose,Anser albifrons,Anseriformes-Anatidae-Anser-Anser albifrons,Species,68
white fronted goose (anser albifrons),white fronted goose (anser albifrons),wildbird,White-fronted goose,Anser albifrons,Anseriformes-Anatidae-Anser-Anser albifrons,Species,3
white fronted goose(anser albifrons),white fronted goose(anser albifrons),wildbird,White-fronted goose,Anser albifrons,Anseriformes-Anatidae-Anser-Anser albifrons,Species,4
whitefronted goose,whitefronted goose,wildbird,White-fronted goose,Anser albifrons,Anseriformes-Anatidae-Anser-Anser albifrons,Species,3
anser anser,anser anser,wildbird,Greylag goose,Anser anser,Anseriformes-Anatidae-Anser-Anser anser,Species,32
graylag goose,graylag goose,wildbird,Greylag goose,Anser anser,Anseriformes-Anatidae-Anser-Anser anser,Species,5
grey goose,grey goose,wildbird,Greylag goose,Anser anser,Anseriformes-Anatidae-Anser-Anser anser,Species,3
grey lag goose,greylag goose,wildbird,Greylag goose,Anser anser,Anseriformes-Anatidae-Anser-Anser anser,Species,2
greylag goose,greylag goose,wildbird,Greylag goose,Anser anser,Anseriformes-Anatidae-Anser-Anser anser,Species,126
anser brachyrhynchus,anser brachyrhynchus,wildbird,Pink-footed goose,Anser brachyrhynchus,Anseriformes-Anatidae-Anser-Anser brachyrhynchus,Species,3
pink footed goose,pink footed goose,wildbird,Pink-footed goose,Anser brachyrhynchus,Anseriformes-Anatidae-Anser-Anser brachyrhynchus,Species,17
lesser snow goose,lesser snow goose,wildbird,Snow goose,Anser caerulescens,Anseriformes-Anatidae-Anser-Anser caerulescens,Species,7
snow goose,snow goose,wildbird,Snow goose,Anser caerulescens,Anseriformes-Anatidae-Anser-Anser caerulescens,Species,49
emperor goose,emperor goose,wildbird,Emperor goose,Anser canagicus,Anseriformes-Anatidae-Anser-Anser canagicus,Species,53
anser cygnoides,anser cygnoides,wildbird,Swan goose,Anser cygnoides,Anseriformes-Anatidae-Anser-Anser cygnoides,Species,3
swan goose,swan goose,wildbird,Swan goose,Anser cygnoides,Anseriformes-Anatidae-Anser-Anser cygnoides,Species,3
lesser white fronted goose,lesser white fronted goose,wildbird,Lesser white-fronted goose,Anser erythropus,Anseriformes-Anatidae-Anser-Anser erythropus,Species,2
anser fabalis,anser fabalis,wildbird,Bean goose,Anser fabalis,Anseriformes-Anatidae-Anser-Anser fabalis,Species,36
bean goose,bean goose,wildbird,Bean goose,Anser fabalis,Anseriformes-Anatidae-Anser-Anser fabalis,Species,111
bean goose (anser fabalis),bean goose,wildbird,Bean goose,Anser fabalis,Anseriformes-Anatidae-Anser-Anser fabalis,Species,1
bean goose(anser fabalis),bean goose,wildbird,Bean goose,Anser fabalis,Anseriformes-Anatidae-Anser-Anser fabalis,Species,11
taiga bean goose,taiga bean goose,wildbird,Bean goose,Anser fabalis,Anseriformes-Anatidae-Anser-Anser fabalis,Species,1
anser indicus,anser indicus,wildbird,Bar-headed goose,Anser indicus,Anseriformes-Anatidae-Anser-Anser indicus,Species,1
bar headed goose,bar headed goose,wildbird,Bar-headed goose,Anser indicus,Anseriformes-Anatidae-Anser-Anser indicus,Species,177
ross's goose,ross's goose,wildbird,Ross's goose,Anser rossii,Anseriformes-Anatidae-Anser-Anser rossii,Species,5
tundra bean goose,tundra bean goose,wildbird,Tundra bean goose,Anser serrirostris,Anseriformes-Anatidae-Anser-Anser serrirostris,Species,2
anser,anser,wildbird,NA,NA,Anseriformes-Anatidae-Anser-NA,Genus,1
anser egypticus,anser egypticus,wildbird,NA,NA,Anseriformes-Anatidae-Anser-NA,Genus,1
lesser scaup,lesser scaup,wildbird,Lesser scaup,Aythya affinis,Anseriformes-Anatidae-Aythya-Aythya affinis,Species,20
steamer duck,steamerduck,wildbird,NA,NA,Anseriformes-Anatidae-Tachyeres-NA,Genus,1
redhead,redhead,wildbird,Redhead,Aythya americana,Anseriformes-Anatidae-Aythya-Aythya americana,Species,19
shelduck,shelduck,wildbird,NA,NA,Anseriformes-Anatidae-Tadorna-NA,Genus,3
shellduck,shelduck,wildbird,NA,NA,Anseriformes-Anatidae-Tadorna-NA,Genus,1
baer's pochard,baer's pochard,wildbird,Baer's pochard,Aythya baeri,Anseriformes-Anatidae-Aythya-Aythya baeri,Species,1
mandarin duck,mandarin duck,wildbird,Mandarin duck,Aix galericulata,Anseriformes-Anatidae-Aix-Aix galericulata,Species,71
common pochard,common pochard,wildbird,Common pochard,Aythya ferina,Anseriformes-Anatidae-Aythya-Aythya ferina,Species,23
common porchard,common pochard,wildbird,Common pochard,Aythya ferina,Anseriformes-Anatidae-Aythya-Aythya ferina,Species,3
aythya fuligula,aythya fuligula,wildbird,Tufted duck,Aythya fuligula,Anseriformes-Anatidae-Aythya-Aythya fuligula,Species,5
carolina duck,carolina duck,wildbird,Wood duck,Aix sponsa,Anseriformes-Anatidae-Aix-Aix sponsa,Species,1
greater scaup,greater scaup,wildbird,Greater scaup,Aythya marila,Anseriformes-Anatidae-Aythya-Aythya marila,Species,15
wood duck,wood duck,wildbird,Wood duck,Aix sponsa,Anseriformes-Anatidae-Aix-Aix sponsa,Species,23
white eyed pochard,white eyed pochard,wildbird,Ferruginous duck,Aythya nyroca,Anseriformes-Anatidae-Aythya-Aythya nyroca,Species,4
canvasback,canvasback,wildbird,Canvasback,Aythya valisineria,Anseriformes-Anatidae-Aythya-Aythya valisineria,Species,4
northern pintail duck,northern pintail duck,wildbird,Northern pintail,Anas acuta,Anseriformes-Anatidae-Anas-Anas acuta,Species,5
brant,brant goose,wildbird,Brent goose,Branta bernicla,Anseriformes-Anatidae-Branta-Branta bernicla,Species,7
brant goose,brant goose,wildbird,Brent goose,Branta bernicla,Anseriformes-Anatidae-Branta-Branta bernicla,Species,3
brent goose,brent goose,wildbird,Brent goose,Branta bernicla,Anseriformes-Anatidae-Branta-Branta bernicla,Species,5
branta canadensis,branta canadensis,wildbird,Canada goose,Branta canadensis,Anseriformes-Anatidae-Branta-Branta canadensis,Species,8
canada goose,canada goose,wildbird,Canada goose,Branta canadensis,Anseriformes-Anatidae-Branta-Branta canadensis,Species,142
canade goose,canada goose,wildbird,Canada goose,Branta canadensis,Anseriformes-Anatidae-Branta-Branta canadensis,Species,1
greater canada goose,greater canada goose,wildbird,Canada goose,Branta canadensis,Anseriformes-Anatidae-Branta-Branta canadensis,Species,2
cackling goose,cackling goose,wildbird,Cackling goose,Branta hutchinsii,Anseriformes-Anatidae-Branta-Branta hutchinsii,Species,24
barnacle,barnacle goose,wildbird,Barnacle goose,Branta leucopsis,Anseriformes-Anatidae-Branta-Branta leucopsis,Species,1
barnacle goose,barnacle goose,wildbird,Barnacle goose,Branta leucopsis,Anseriformes-Anatidae-Branta-Branta leucopsis,Species,144
branta leucopsis,branta leucopsis,wildbird,Barnacle goose,Branta leucopsis,Anseriformes-Anatidae-Branta-Branta leucopsis,Species,2
red breasted goose,red breasted goose,wildbird,Red-breasted goose,Branta ruficollis,Anseriformes-Anatidae-Branta-Branta ruficollis,Species,2
hawaiian goose,hawaiian goose,wildbird,Hawaiian goose,Branta sandvicensis,Anseriformes-Anatidae-Branta-Branta sandvicensis,Species,2
nene goose,nene goose,wildbird,Hawaiian goose,Branta sandvicensis,Anseriformes-Anatidae-Branta-Branta sandvicensis,Species,1
bufflehead,bufflehead,wildbird,Bufflehead,Bucephala albeola,Anseriformes-Anatidae-Bucephala-Bucephala albeola,Species,32
pintail duck,pintail duck,wildbird,Northern Pintail,Anas acuta,Anseriformes-Anatidae-Anas-Anas acuta,Species,42
common golden eye,common goldeneye,wildbird,Common goldeneye,Bucephala clangula,Anseriformes-Anatidae-Bucephala-Bucephala clangula,Species,1
common goldeneye,common goldeneye,wildbird,Common goldeneye,Bucephala clangula,Anseriformes-Anatidae-Bucephala-Bucephala clangula,Species,58
barrow s goldeneye,barrow's goldeneye,wildbird,Barrow's Goldeneye,Bucephala islandica,Anseriformes-Anatidae-Bucephala-Bucephala islandica,Species,1
mottled duck,mottled duck,wildbird,Mottled duck,Anas fulvigula,Anseriformes-Anatidae-Anas-Anas fulvigula,Species,2
muscovy,muscovy,wildbird,Muscovy duck,Cairina moschata,Anseriformes-Anatidae-Cairina-Cairina moschata,Species,40
mallard duck,mallard duck,wildbird,Mallard,Anas platyrhynchos,Anseriformes-Anatidae-Anas-Anas platyrhynchos,Species,673
mallardduck,mallardduck,wildbird,Mallard,Anas platyrhynchos,Anseriformes-Anatidae-Anas-Anas platyrhynchos,Species,1
american black duck,american black duck,wildbird,American black duck,Anas rubripes,Anseriformes-Anatidae-Anas-Anas rubripes,Species,281
callonetta leucophrys,callonetta leucophrys,wildbird,Ringed teal,Callonetta leucophrys,Anseriformes-Anatidae-Callonetta-Callonetta leucophrys,Species,2
ringed teal,ringed teal,wildbird,Ringed teal,Callonetta leucophrys,Anseriformes-Anatidae-Callonetta-Callonetta leucophrys,Species,1
maned goose,maned goose,wildbird,Maned goose,Chenonetta jubata,Anseriformes-Anatidae-Chenonetta-Chenonetta jubata,Species,1
common black duck,American Black Duck,wildbird,American Black Duck,Anas rubripes,Anseriformes-Anatidae-Anas-Anas rubripes,Species,1
pacific black duck,pacific black duck,wildbird,Pacific black duck,Anas superciliosa,Anseriformes-Anatidae-Anas-Anas superciliosa,Species,5
coscoroba swan,coscoroba swan,wildbird,Coscoroba swan,Coscoroba coscoroba,Anseriformes-Anatidae-Coscoroba-Coscoroba coscoroba,Species,2
black swan,black swan,wildbird,Black swan,Cygnus atratus,Anseriformes-Anatidae-Cygnus-Cygnus atratus,Species,38
cygnus atratus,cygnus atratus,wildbird,Black swan,Cygnus atratus,Anseriformes-Anatidae-Cygnus-Cygnus atratus,Species,2
trumpeter swan,trumpeter swan,wildbird,Trumpeter swan,Cygnus buccinator,Anseriformes-Anatidae-Cygnus-Cygnus buccinator,Species,6
bewick swan,tundra swan,wildbird,Tundra swan,Cygnus columbianus,Anseriformes-Anatidae-Cygnus-Cygnus columbianus,Species,2
bewicks swan,tundra swan,wildbird,Tundra swan,Cygnus columbianus,Anseriformes-Anatidae-Cygnus-Cygnus columbianus,Species,9
bewick's swan,tundra swan,wildbird,Tundra swan,Cygnus columbianus,Anseriformes-Anatidae-Cygnus-Cygnus columbianus,Species,4
cygnus columbianus,cygnus columbianus,wildbird,Tundra swan,Cygnus columbianus,Anseriformes-Anatidae-Cygnus-Cygnus columbianus,Species,13
tundra swan,tundra swan,wildbird,Tundra swan,Cygnus columbianus,Anseriformes-Anatidae-Cygnus-Cygnus columbianus,Species,43
whistling swan,whistling swan,wildbird,Tundra swan,Cygnus columbianus,Anseriformes-Anatidae-Cygnus-Cygnus columbianus,Species,8
whistlingswan,whistlingswan,wildbird,Tundra swan,Cygnus columbianus,Anseriformes-Anatidae-Cygnus-Cygnus columbianus,Species,1
cygnus cygnus,cygnus cygnus,wildbird,Whooper swan,Cygnus cygnus,Anseriformes-Anatidae-Cygnus-Cygnus cygnus,Species,9
whooper swan,whooper swan,wildbird,Whooper swan,Cygnus cygnus,Anseriformes-Anatidae-Cygnus-Cygnus cygnus,Species,248
whooperswan,whooperswan,wildbird,Whooper swan,Cygnus cygnus,Anseriformes-Anatidae-Cygnus-Cygnus cygnus,Species,1
whooping swan,whooping swan,wildbird,Whooper swan,Cygnus cygnus,Anseriformes-Anatidae-Cygnus-Cygnus cygnus,Species,1
black necked swan,black necked swan,wildbird,Black-necked swan,Cygnus melancoryphus,Anseriformes-Anatidae-Cygnus-Cygnus melancoryphus,Species,3
cignus olor,cygnus olor,wildbird,Mute swan,Cygnus olor,Anseriformes-Anatidae-Cygnus-Cygnus olor,Species,1
cygnus olor,cygnus olor,wildbird,Mute swan,Cygnus olor,Anseriformes-Anatidae-Cygnus-Cygnus olor,Species,73
mute swan,mute swan,wildbird,Mute swan,Cygnus olor,Anseriformes-Anatidae-Cygnus-Cygnus olor,Species,417
muteswan,muteswan,wildbird,Mute swan,Cygnus olor,Anseriformes-Anatidae-Cygnus-Cygnus olor,Species,4
juvenile swan,juvenile swan,wildbird,NA,NA,Anseriformes-Anatidae-Cygnus-NA,Genus,1
m swan,swan,wildbird,NA,NA,Anseriformes-Anatidae-Cygnus-NA,Genus,2
swan,swan,wildbird,NA,NA,Anseriformes-Anatidae-Cygnus-NA,Genus,217
w swan,w swan,wildbird,NA,NA,Anseriformes-Anatidae-Cygnus-NA,Genus,1
yellow billed duck,yellow billed duck,wildbird,African yellow-billed duck,Anas undulata,Anseriformes-Anatidae-Anas-Anas undulata,Species,2
red headed duck,red headed duck,wildbird,Redhead,Aythya americana,Anseriformes-Anatidae-Aythya-Aythya americana,Species,2
dendrocygna viduata,dendrocygna viduata,wildbird,White-faced whistling duck,Dendrocygna viduata,Anseriformes-Anatidae-Dendrocygna-Dendrocygna viduata,Species,1
redhead duck,redhead duck,wildbird,Redhead,Aythya americana,Anseriformes-Anatidae-Aythya-Aythya americana,Species,4
redheaded duck,redheaded duck,wildbird,Redhead,Aythya americana,Anseriformes-Anatidae-Aythya-Aythya americana,Species,2
ring necked duck,ring necked duck,wildbird,Ring-necked duck,Aythya collaris,Anseriformes-Anatidae-Aythya-Aythya collaris,Species,28
hooded merganser,hooded merganser,wildbird,Hooded merganser,Lophodytes cucullatus,Anseriformes-Anatidae-Lophodytes-Lophodytes cucullatus,Species,6
tufted duck,tufted duck,wildbird,Tufted duck,Aythya fuligula,Anseriformes-Anatidae-Aythya-Aythya fuligula,Species,62
american widgeon,american widgeon,wildbird,American wigeon,Mareca americana,Anseriformes-Anatidae-Mareca-Mareca americana,Species,8
american wigeon,american wigeon,wildbird,American wigeon,Mareca americana,Anseriformes-Anatidae-Mareca-Mareca americana,Species,122
anas americana,anas americana,wildbird,American wigeon,Mareca americana,Anseriformes-Anatidae-Mareca-Mareca americana,Species,1
anas falcata,anas falcata,wildbird,Falcated duck,Mareca falcata,Anseriformes-Anatidae-Mareca-Mareca falcata,Species,1
falcata teal,falcata teal,wildbird,Falcated duck,Mareca falcata,Anseriformes-Anatidae-Mareca-Mareca falcata,Species,10
ferruginous duck,ferruginous duck,wildbird,Ferruginous duck,Aythya nyroca,Anseriformes-Anatidae-Aythya-Aythya nyroca,Species,1
eurasian wigeon,eurasian wigeon,wildbird,Eurasian wigeon,Mareca penelope,Anseriformes-Anatidae-Mareca-Mareca penelope,Species,104
european wigeon,european wigeon,wildbird,Eurasian wigeon,Mareca penelope,Anseriformes-Anatidae-Mareca-Mareca penelope,Species,1
europian wigeon,european wigeon,wildbird,Eurasian wigeon,Mareca penelope,Anseriformes-Anatidae-Mareca-Mareca penelope,Species,2
chiloe wigeon,chiloe wigeon,wildbird,Chiloe wigeon,Mareca sibilatrix,Anseriformes-Anatidae-Mareca-Mareca sibilatrix,Species,2
anas strepera,anas strepera,wildbird,Gadwall,Mareca strepera,Anseriformes-Anatidae-Mareca-Mareca strepera,Species,1
gadwall,gadwall,wildbird,Gadwall,Mareca strepera,Anseriformes-Anatidae-Mareca-Mareca strepera,Species,88
canvasback duck,canvasback,wildbird,Canvasback,Aythya valisineria,Anseriformes-Anatidae-Aythya-Aythya valisineria,Species,2
bufflehead duck,bufflehead,wildbird,Bufflehead,Bucephala albeola,Anseriformes-Anatidae-Bucephala-Bucephala albeola,Species,1
widgeon,widgeon,wildbird,NA,NA,Anseriformes-Anatidae-Mareca-NA,Genus,3
wigeon,wigeon,wildbird,NA,NA,Anseriformes-Anatidae-Mareca-NA,Genus,12
anas angustirostris,marmaronetta angustirostris,wildbird,Marbled teal,Marmaronetta angustirostris,Anseriformes-Anatidae-Marmaronetta-Marmaronetta angustirostris,Species,1
black scoter,black scoter,wildbird,Black scoter,Melanitta americana,Anseriformes-Anatidae-Melanitta-Melanitta americana,Species,6
white winged scoter,white winged scoter,wildbird,White-winged scoter,Melanitta deglandi,Anseriformes-Anatidae-Melanitta-Melanitta deglandi,Species,3
velvet scoter,velvet scoter,wildbird,Velvet scoter,Melanitta fusca,Anseriformes-Anatidae-Melanitta-Melanitta fusca,Species,5
common scoter,common scoter,wildbird,Common scoter,Melanitta nigra,Anseriformes-Anatidae-Melanitta-Melanitta nigra,Species,2
surf scooter,surf scooter,wildbird,Surf scoter,Melanitta perspicillata,Anseriformes-Anatidae-Melanitta-Melanitta perspicillata,Species,1
surf scoter,surf scoter,wildbird,Surf scoter,Melanitta perspicillata,Anseriformes-Anatidae-Melanitta-Melanitta perspicillata,Species,8
scoter,scoter,wildbird,NA,NA,Anseriformes-Anatidae-Melanitta-NA,Genus,3
mergus albellus,mergus albellus,wildbird,Smew,Mergellus albellus,Anseriformes-Anatidae-Mergus-Mergellus albellus,Species,2
smew,smew,wildbird,Smew,Mergellus albellus,Anseriformes-Anatidae-Mergus-Mergellus albellus,Species,1
common merganser,common merganser,wildbird,Common merganser,Mergus merganser,Anseriformes-Anatidae-Mergus-Mergus merganser,Species,1
goosander,goosander,wildbird,Common merganser,Mergus merganser,Anseriformes-Anatidae-Mergus-Mergus merganser,Species,7
red breasted merganser,red breasted merganser,wildbird,Red-breasted merganser,Mergus serrator,Anseriformes-Anatidae-Mergus-Mergus serrator,Species,1
finch,finch,wildbird,NA,NA,Passeriformes-NA-NA-NA,Order,4
robin,robin,wildbird,NA,NA,Passeriformes-NA-NA-NA,Order,2
sparrow,sparrow,wildbird,NA,NA,Passeriformes-NA-NA-NA,Order,14
macaw,macaw,wildbird,NA,NA,Psittaciformes-NA-NA-NA,Order,2
parakeet,parakeet,wildbird,NA,NA,Psittaciformes-NA-NA-NA,Order,4
parrot,parrot,wildbird,NA,NA,Psittaciformes-NA-NA-NA,Order,7
psittacine,psittacine,wildbird,NA,NA,Psittaciformes-NA-NA-NA,Order,2
owl,owl,wildbird,NA,NA,Strigiformes-NA-NA-NA,Order,12
buzzard,buzzard,wildbird,NA,NA,Accipitriformes-Accipitridae-NA-NA,Family,24
rosy billed pochard,rosy billed pochard,wildbird,Rosy-billed pochard,Netta peposaca,Anseriformes-Anatidae-Netta-Netta peposaca,Species,6
rosybilled pochard,rosybilled pochard,wildbird,Rosy-billed pochard,Netta peposaca,Anseriformes-Anatidae-Netta-Netta peposaca,Species,1
red crested pochard,red crested pochard,wildbird,Red-crested pochard,Netta rufina,Anseriformes-Anatidae-Netta-Netta rufina,Species,2
muscovy  duck,muscovy duck,wildbird,Muscovy duck,Cairina moschata,Anseriformes-Anatidae-Cairina-Cairina moschata,Species,1
muscovy duck,muscovy duck,wildbird,Muscovy duck,Cairina moschata,Anseriformes-Anatidae-Cairina-Cairina moschata,Species,312
spur winged goose,spur winged goose,wildbird,Spur-winged goose,Plectropterus gambensis,Anseriformes-Anatidae-Plectropterus-Plectropterus gambensis,Species,8
stellers eider,stellers eider,wildbird,Steller‘s eider,Polysticta stelleri,Anseriformes-Anatidae-Polysticta-Polysticta stelleri,Species,13
muscovyduck,muscovy duck,wildbird,Muscovy duck,Cairina moschata,Anseriformes-Anatidae-Cairina-Cairina moschata,Species,2
baikai teal,baikal teal,wildbird,Baikal teal,Sibirionetta formosa,Anseriformes-Anatidae-Sibirionetta-Sibirionetta formosa,Species,1
baikal teal,baikal teal,wildbird,Baikal teal,Sibirionetta formosa,Anseriformes-Anatidae-Sibirionetta-Sibirionetta formosa,Species,43
spectacled eider,spectacled eider,wildbird,Spectacled eider,Somateria fischeri,Anseriformes-Anatidae-Somateria-Somateria fischeri,Species,1
common eider,common eider,wildbird,Common eider,Somateria mollissima,Anseriformes-Anatidae-Somateria-Somateria mollissima,Species,21
common eiders,common eider,wildbird,Common eider,Somateria mollissima,Anseriformes-Anatidae-Somateria-Somateria mollissima,Species,2
king eider,king eider,wildbird,King eider,Somateria spectabilis,Anseriformes-Anatidae-Somateria-Somateria spectabilis,Species,7
shoveler,shoveler,wildbird,NA,NA,Anseriformes-Anatidae-Spatula-NA,Genus,63
shoveller,shoveler,wildbird,NA,NA,Anseriformes-Anatidae-Spatula-NA,Genus,6
long tailed duck,long tailed duck,wildbird,Long-tailed duck,Clangula hyemalis,Anseriformes-Anatidae-Clangula-Clangula hyemalis,Species,18
anas clypeata,anas clypeata,wildbird,Northern shoveler,Spatula clypeata,Anseriformes-Anatidae-Spatula-Spatula clypeata,Species,1
northern shoveler,northern shoveler,wildbird,Northern shoveler,Spatula clypeata,Anseriformes-Anatidae-Spatula-Spatula clypeata,Species,403
northern shoveler(spatula clypeata),northern shoveler(spatula clypeata),wildbird,Northern shoveler,Spatula clypeata,Anseriformes-Anatidae-Spatula-Spatula clypeata,Species,1
northern shovelermissouri,northern shoveler,wildbird,Northern shoveler,Spatula clypeata,Anseriformes-Anatidae-Spatula-Spatula clypeata,Species,2
northern shoverl,northern shoverl,wildbird,Northern shoveler,Spatula clypeata,Anseriformes-Anatidae-Spatula-Spatula clypeata,Species,1
northernshoveler,northernshoveler,wildbird,Northern shoveler,Spatula clypeata,Anseriformes-Anatidae-Spatula-Spatula clypeata,Species,1
nothern shoveler,nothern shoveler,wildbird,Northern shoveler,Spatula clypeata,Anseriformes-Anatidae-Spatula-Spatula clypeata,Species,1
anas cyanoptera,anas cyanoptera,wildbird,Cinnamon teal,Spatula cyanoptera,Anseriformes-Anatidae-Spatula-Spatula cyanoptera,Species,1
cinnamon teal,cinnamon teal,wildbird,Cinnamon teal,Spatula cyanoptera,Anseriformes-Anatidae-Spatula-Spatula cyanoptera,Species,38
american blue winged teal,blue-winged teal,wildbird,Blue-winged teal,Spatula discors,Anseriformes-Anatidae-Spatula-Spatula discors,Species,1
anas discors,anas discors,wildbird,Blue-winged teal,Spatula discors,Anseriformes-Anatidae-Spatula-Spatula discors,Species,10
blue winged teal,blue winged teal,wildbird,Blue-winged teal,Spatula discors,Anseriformes-Anatidae-Spatula-Spatula discors,Species,1226
red shoveler,red shoveler,wildbird,Red shoveler,Spatula platalea,Anseriformes-Anatidae-Spatula-Spatula platalea,Species,1
anas querquedula,anas querquedula,wildbird,Garganey,Spatula querquedula,Anseriformes-Anatidae-Spatula-Spatula querquedula,Species,2
garganey,garganey,wildbird,Garganey,Spatula querquedula,Anseriformes-Anatidae-Spatula-Spatula querquedula,Species,24
garganey teal,garganey teal,wildbird,Garganey,Spatula querquedula,Anseriformes-Anatidae-Spatula-Spatula querquedula,Species,1
australian shoveller,australasian shoveler,wildbird,Australasian shoveler,Spatula rhynchotis,Anseriformes-Anatidae-Spatula-Spatula rhynchotis,Species,1
cape shoveller,cape shoveller,wildbird,Cape shoveller,Spatula smithii,Anseriformes-Anatidae-Spatula-Spatula smithii,Species,1
silver teal,silver teal,wildbird,Silver teal,Spatula versicolor,Anseriformes-Anatidae-Spatula-Spatula versicolor,Species,8
longtail duck,longtail duck,wildbird,Long-tailed duck,Clangula hyemalis,Anseriformes-Anatidae-Clangula-Clangula hyemalis,Species,2
black bellied whistling duck,black bellied whistling duck,wildbird,Black-bellied whistling duck,Dendrocygna autumnalis,Anseriformes-Anatidae-Dendrocygna-Dendrocygna autumnalis,Species,2
lesser whistling duck,lesser whistling duck,wildbird,Lesser whistling duck,Dendrocygna javanica,Anseriformes-Anatidae-Dendrocygna-Dendrocygna javanica,Species,3
white faced whistling duck,white faced whistling duck,wildbird,White-faced whistling duck,Dendrocygna viduata,Anseriformes-Anatidae-Dendrocygna-Dendrocygna viduata,Species,3
ruddy sheldrake,ruddy sheldrake,wildbird,Ruddy shelduck,Tadorna ferruginea,Anseriformes-Anatidae-Tadorna-Tadorna ferruginea,Species,1
harlequin duck,harlequin duck,wildbird,Harlequin duck,Histrionicus histrionicus,Anseriformes-Anatidae-Histrionicus-Histrionicus histrionicus,Species,1
pink eared duck,pink eared duck,wildbird,Pink-eared duck,Malacorhynchus membranaceus,Anseriformes-Anatidae-Malacorhynchus-Malacorhynchus membranaceus,Species,3
tadorna tadorna,tadorna tadorna,wildbird,Common shelduck,Tadorna tadorna,Anseriformes-Anatidae-Tadorna-Tadorna tadorna,Species,11
falcated duck,falcated duck,wildbird,Falcated duck,Mareca falcata,Anseriformes-Anatidae-Mareca-Mareca falcata,Species,6
eagle,eagle,wildbird,NA,NA,Accipitriformes-Accipitridae-NA-NA,Family,10
hawk,hawk,wildbird,NA,NA,Accipitriformes-Accipitridae-NA-NA,Family,9
turkey vulture,turkey vulture,wildbird,Turkey vulture,Cathartes aura,Cathartiformes-Cathartidae-Cathartes-Cathartes aura,Species,18
black vulture,american black vulture,wildbird,American black vulture,Coragyps atratus,Cathartiformes-Cathartidae-Coragyps-Coragyps atratus,Species,22
rt hawk,rt hawk,wildbird,NA,NA,Accipitriformes-Accipitridae-NA-NA,Family,1
king vulture,king vulture,wildbird,King vulture,Sarcoramphus papa,Cathartiformes-Cathartidae-Sarcoramphus-Sarcoramphus papa,Species,1
raxorbill,razorbill,wildbird,Razorbill,Alca torda,Charadriiformes-Alcidae-Alca-Alca torda,Species,1
razorbill,razorbill,wildbird,Razorbill,Alca torda,Charadriiformes-Alcidae-Alca-Alca torda,Species,2
guillemot,guillemot,wildbird,NA,NA,Charadriiformes-Alcidae-Cepphus-NA,Genus,5
sea eagle,sea eagle,wildbird,NA,NA,Accipitriformes-Accipitridae-NA-NA,Family,4
bk swan,bk swan,wildbird,NA,NA,Anseriformes-Anatidae-NA-NA,Family,1
murre,murre,wildbird,NA,NA,Charadriiformes-Alcidae-Uria-NA,Genus,3
common murre,common murre,wildbird,Common murre,Uria aalge,Charadriiformes-Alcidae-Uria-Uria aalge,Species,29
thick billed murre,thick billed murre,wildbird,Thick billed murre,Uria lomvia,Charadriiformes-Alcidae-Uria-Uria lomvia,Species,11
stone curlew,stone curlew,wildbird,Stone curlew,Burhinus oedicnemus,Charadriiformes-Burhinidae-Burhinus-Burhinus oedicnemus,Species,3
pacific golden plover,pacific golden plover,wildbird,Pacific golden plover,Pluvialis fulva,Charadriiformes-Charadriidae-Pluvialis-Pluvialis fulva,Species,1
gray plover,gray plover,wildbird,Grey plover,Pluvialis squatarola,Charadriiformes-Charadriidae-Pluvialis-Pluvialis squatarola,Species,1
spur winged lapwing,spur winged lapwing,wildbird,Spur-winged lapwing,Vanellus spinosus,Charadriiformes-Charadriidae-Vanellus-Vanellus spinosus,Species,1
northern lapwing,northern lapwing,wildbird,Northern lapwing,Vanellus vanellus,Charadriiformes-Charadriidae-Vanellus-Vanellus vanellus,Species,3
chionis albus,chionis albus,wildbird,Snowy Sheathbill,Chionis albus,Charadriiformes-Chionidae-Chionis-Chionis albus,Species,1
snowy sheathbill,snowy sheathbill,wildbird,Snowy sheathbill,Chionis albus,Charadriiformes-Chionidae-Chionis-Chionis albus,Species,1
blackish oystercatcher,blackish oystercatcher,wildbird,Blackish oystercatcher,Haematopus ater,Charadriiformes-Haematopodidae-Haematopus-Haematopus ater,Species,2
eurasian oystercatcher,eurasian oystercatcher,wildbird,Eurasian oystercatcher,Haematopus ostralegus,Charadriiformes-Haematopodidae-Haematopus-Haematopus ostralegus,Species,6
american oystercatcher,american oystercatcher,wildbird,American oystercatcher,Haematopus palliatus,Charadriiformes-Haematopodidae-Haematopus-Haematopus palliatus,Species,1
oyster catcher,oystercatcher,wildbird,NA,NA,Charadriiformes-Haematopodidae-Haematopus-NA,Genus,1
oystercatcher,oystercatcher,wildbird,NA,NA,Charadriiformes-Haematopodidae-Haematopus-NA,Genus,6
anous tenuirostris,anous tenuirostris,wildbird,Lesser noddy,Anous tenuirostris,Charadriiformes-Laridae-Anous-Anous tenuirostris,Species,7
chlidonias hybrida,chlidonias hybrida,wildbird,Whiskered tern,Chlidonias hybrida,Charadriiformes-Laridae-Chlidonias-Chlidonias hybrida,Species,1
whiskered tern,whiskered tern,wildbird,Whiskered tern,Chlidonias hybrida,Charadriiformes-Laridae-Chlidonias-Chlidonias hybrida,Species,2
brown head gull,brown headed gull,wildbird,Brown-headed gull,Chroicocephalus brunnicephalus,Charadriiformes-Laridae-Chroicocephalus-Chroicocephalus brunnicephalus,Species,1
brown headed gull,brown headed gull,wildbird,Brown-headed gull,Chroicocephalus brunnicephalus,Charadriiformes-Laridae-Chroicocephalus-Chroicocephalus brunnicephalus,Species,29
grey headed gull,grey headed gull,wildbird,Grey-headed gull,Chroicocephalus cirrocephalus,Charadriiformes-Laridae-Chroicocephalus-Chroicocephalus cirrocephalus,Species,2
slender billed gull,slender billed gull,wildbird,Slender-billed gull,Chroicocephalus genei,Charadriiformes-Laridae-Chroicocephalus-Chroicocephalus genei,Species,5
brown hooded gull,brown hooded gull,wildbird,Brown-hooded gull,Chroicocephalus maculipennis,Charadriiformes-Laridae-Chroicocephalus-Chroicocephalus maculipennis,Species,2
silver gull,silver gull,wildbird,Silver gull,Chroicocephalus novaehollandiae,Charadriiformes-Laridae-Chroicocephalus-Chroicocephalus novaehollandiae,Species,1
back headed gull,black headed gull,wildbird,Black-headed gull,Chroicocephalus ridibundus,Charadriiformes-Laridae-Chroicocephalus-Chroicocephalus ridibundus,Species,2
blach headed gull,black headed gull,wildbird,Black-headed gull,Chroicocephalus ridibundus,Charadriiformes-Laridae-Chroicocephalus-Chroicocephalus ridibundus,Species,2
black headead gull,black headed gull,wildbird,Black-headed gull,Chroicocephalus ridibundus,Charadriiformes-Laridae-Chroicocephalus-Chroicocephalus ridibundus,Species,9
black headed gull,black headed gull,wildbird,Black-headed gull,Chroicocephalus ridibundus,Charadriiformes-Laridae-Chroicocephalus-Chroicocephalus ridibundus,Species,955
blackhead gull,black headed gull,wildbird,Black-headed gull,Chroicocephalus ridibundus,Charadriiformes-Laridae-Chroicocephalus-Chroicocephalus ridibundus,Species,4
chroicocephalus ridibundus,chroicocephalus ridibundus,wildbird,Black-headed gull,Chroicocephalus ridibundus,Charadriiformes-Laridae-Chroicocephalus-Chroicocephalus ridibundus,Species,19
larus ridibundus,larus ridibundus,wildbird,Black-headed gull,Chroicocephalus ridibundus,Charadriiformes-Laridae-Chroicocephalus-Chroicocephalus ridibundus,Species,7
gull billed tern,gull-billed tern,wildbird,Common gull-billed tern,Gelochelidon nilotica,Charadriiformes-Laridae-Gelochelidon-Gelochelidon nilotica,Species,4
larus minutus,larus minutus,wildbird,Little gull,Hydrocoloeus minutus,Charadriiformes-Laridae-Hydrocoloeus-Hydrocoloeus minutus,Species,1
little gull,little gull,wildbird,Little gull,Hydrocoloeus minutus,Charadriiformes-Laridae-Hydrocoloeus-Hydrocoloeus minutus,Species,1
caspian tern,caspian tern,wildbird,Caspian Tern,Hydroprogne caspia,Charadriiformes-Laridae-Hydroprogne-Hydroprogne caspia,Species,13
larus ichthyaetus,larus ichthyaetus,wildbird,Pallas's gull,Ichthyaetus ichthyaetus,Charadriiformes-Laridae-Ichthyaetus-Ichthyaetus ichthyaetus,Species,3
ichtyaetus melanocephalus,ichthyaetus melanocephalus,wildbird,Mediterranean gull,Ichthyaetus melanocephalus,Charadriiformes-Laridae-Ichthyaetus-Ichthyaetus melanocephalus,Species,2
mediterranean gull,mediterranean gull,wildbird,Mediterranean gull,Ichthyaetus melanocephalus,Charadriiformes-Laridae-Ichthyaetus-Ichthyaetus melanocephalus,Species,15
eurasian herring gull,eurasian herring gull,wildbird,European herring gull,Larus argentatus,Charadriiformes-Laridae-Larus-Larus argentatus,Species,1
european herring gull,european herring gull,wildbird,European herring gull,Larus argentatus,Charadriiformes-Laridae-Larus-Larus argentatus,Species,80
larus argentatus,larus argentatus,wildbird,European herring gull,Larus argentatus,Charadriiformes-Laridae-Larus-Larus argentatus,Species,24
armenian gull,armenian gull,wildbird,Armenian gull,Larus armenicus,Charadriiformes-Laridae-Larus-Larus armenicus,Species,3
bandtailed gull,belcher's gull,wildbird,Belcher's gull,Larus belcheri,Charadriiformes-Laridae-Larus-Larus belcheri,Species,2
caspian  gull,caspian gull,wildbird,Caspian gull,Larus cachinnans,Charadriiformes-Laridae-Larus-Larus cachinnans,Species,1
caspian gull,caspian gull,wildbird,Caspian gull,Larus cachinnans,Charadriiformes-Laridae-Larus-Larus cachinnans,Species,12
california gull,california gull,wildbird,California gull,Larus californicus,Charadriiformes-Laridae-Larus-Larus californicus,Species,1
common gull,mew gull,wildbird,Mew gull,Larus canus,Charadriiformes-Laridae-Larus-Larus canus,Species,26
larus canus,larus canus,wildbird,Mew gull,Larus canus,Charadriiformes-Laridae-Larus-Larus canus,Species,2
mew gull,mew gull,wildbird,Mew gull,Larus canus,Charadriiformes-Laridae-Larus-Larus canus,Species,1
black tailed gull,black tailed gull,wildbird,Black-tailed gull,Larus crassirostris,Charadriiformes-Laridae-Larus-Larus crassirostris,Species,2
ring bill gull,ring bill gull,wildbird,Ring-billed gull,Larus delawarensis,Charadriiformes-Laridae-Larus-Larus delawarensis,Species,1
ring billed gull,ring billed gull,wildbird,Ring-billed gull,Larus delawarensis,Charadriiformes-Laridae-Larus-Larus delawarensis,Species,19
kelp gull,kelp gull,wildbird,Kelp gull,Larus dominicanus,Charadriiformes-Laridae-Larus-Larus dominicanus,Species,28
larus fuscus,larus fuscus,wildbird,Lesser black-backed gull,Larus fuscus,Charadriiformes-Laridae-Larus-Larus fuscus,Species,1
lesser black backed gull,lesser black backed gull,wildbird,Lesser black-backed gull,Larus fuscus,Charadriiformes-Laridae-Larus-Larus fuscus,Species,22
glaucous winged gull,glaucous winged gull,wildbird,Glaucous-winged gull,Larus glaucescens,Charadriiformes-Laridae-Larus-Larus glaucescens,Species,180
iceland gull,iceland gull,wildbird,Iceland gull,Larus glaucoides,Charadriiformes-Laridae-Larus-Larus glaucoides,Species,8
glaucous gull,glaucous gull,wildbird,Glaucous gull,Larus hyperboreus,Charadriiformes-Laridae-Larus-Larus hyperboreus,Species,18
great black backed gull,great black backed gull,wildbird,Great black-backed gull,Larus marinus,Charadriiformes-Laridae-Larus-Larus marinus,Species,43
great black headed gull,great black headed gull,wildbird,Great black-backed gull,Larus marinus,Charadriiformes-Laridae-Larus-Larus marinus,Species,29
larus michahellis,larus michahellis,wildbird,Yellow-legged gull,Larus michahellis,Charadriiformes-Laridae-Larus-Larus michahellis,Species,1
yellow legged gull,yellow legged gull,wildbird,Yellow-legged gull,Larus michahellis,Charadriiformes-Laridae-Larus-Larus michahellis,Species,19
western gull,western gull,wildbird,Western gull,Larus occidentalis,Charadriiformes-Laridae-Larus-Larus occidentalis,Species,2
slaty backed gull,slaty backed gull,wildbird,Slaty-backed gull,Larus schistisagus,Charadriiformes-Laridae-Larus-Larus schistisagus,Species,9
american herring gull,american herring gull,wildbird,American herring gull,Larus smithsonianus,Charadriiformes-Laridae-Larus-Larus smithsonianus,Species,6
mongolian gull,mongolian gull,wildbird,Vega gull,Larus vegae,Charadriiformes-Laridae-Larus-Larus vegae,Species,2
black backed gull,black backed gull,wildbird,NA,NA,Charadriiformes-Laridae-Larus-NA,Genus,3
hering gull,herring gull,wildbird,NA,NA,Charadriiformes-Laridae-Larus-NA,Genus,1
herring gull,herring gull,wildbird,NA,NA,Charadriiformes-Laridae-Larus-NA,Genus,140
laughing gull,laughing gull,wildbird,Laughing gull,Leucophaeus atricilla,Charadriiformes-Laridae-Leucophaeus-Leucophaeus atricilla,Species,120
gray gull,gray gull,wildbird,Gray gull,Leucophaeus modestus,Charadriiformes-Laridae-Leucophaeus-Leucophaeus modestus,Species,4
franklin's gull,franklin's gull,wildbird,Franklin's gull,Leucophaeus pipixcan,Charadriiformes-Laridae-Leucophaeus-Leucophaeus pipixcan,Species,3
dolphin gull,dolphin gull,wildbird,Dolphin gull,Leucophaeus scoresbii,Charadriiformes-Laridae-Leucophaeus-Leucophaeus scoresbii,Species,1
blue goose,blue goose,wildbird,NA,NA,Anseriformes-Anatidae-NA-NA,Family,1
european teal,european teal,wildbird,NA,NA,Anseriformes-Anatidae-NA-NA,Family,19
gadwall duck,gadwall duck,wildbird,Gadwall,Mareca strepera,Anseriformes-Anatidae-Mareca-Mareca strepera,Species,11
pochard,pochard,wildbird,NA,NA,Anseriformes-Anatidae-NA-NA,Family,15
gadwell duck,gadwell duck,wildbird,Gadwall,Mareca strepera,Anseriformes-Anatidae-Mareca-Mareca strepera,Species,1
teal,teal,wildbird,NA,NA,Anseriformes-Anatidae-NA-NA,Family,182
wild swan,wild swan,wildbird,NA,NA,Anseriformes-Anatidae-NA-NA,Family,2
rb pochard,rb pochard,wildbird,NA,NA,Anseriformes-Anatidae-NA-NA,Family,1
swiftlet,swiftlet,wildbird,NA,NA,Caprimulgiformes-Apodidae-NA-NA,Family,1
sooty tern,sooty tern,wildbird,Sooty tern,Onychoprion fuscatus,Charadriiformes-Laridae-Onychoprion-Onychoprion fuscatus,Species,2
kittiwake,kittiwake,wildbird,NA,NA,Charadriiformes-Laridae-Rissa-NA,Genus,10
black legged kittiwake,black legged kittiwake,wildbird,Black-legged kittiwake,Rissa tridactyla,Charadriiformes-Laridae-Rissa-Rissa tridactyla,Species,7
black legged kittywake,black legged kittiwake,wildbird,Black-legged kittiwake,Rissa tridactyla,Charadriiformes-Laridae-Rissa-Rissa tridactyla,Species,1
rissa tridactyla,rissa tridactyla,wildbird,Black-legged kittiwake,Rissa tridactyla,Charadriiformes-Laridae-Rissa-Rissa tridactyla,Species,1
black skimmer,black skimmer,wildbird,Black skimmer,Rynchops niger,Charadriiformes-Laridae-Rynchops-Rynchops niger,Species,12
south american tern,south american tern,wildbird,south american tern,Sterna hirundinacea,Charadriiformes-Laridae-Sterna-Sterna hirundinacea,Species,1
common tern,common tern,wildbird,Common tern,Sterna hirundo,Charadriiformes-Laridae-Sterna-Sterna hirundo,Species,117
sterna hirundo,sterna hirundo,wildbird,Common tern,Sterna hirundo,Charadriiformes-Laridae-Sterna-Sterna hirundo,Species,4
arctic tern,arctic tern,wildbird,Arctic tern,Sterna paradisaea,Charadriiformes-Laridae-Sterna-Sterna paradisaea,Species,6
artic tern,artic tern,wildbird,Arctic tern,Sterna paradisaea,Charadriiformes-Laridae-Sterna-Sterna paradisaea,Species,2
little tern,little tern,wildbird,Little tern,Sternula albifrons,Charadriiformes-Laridae-Sternula-Sternula albifrons,Species,5
thalasseus acuflavidus,thalasseus acuflavidus,wildbird,Cabot's Tern,Thalasseus acuflavidus,Charadriiformes-Laridae-Thalasseus-Thalasseus acuflavidus,Species,2
elegant tern,elegant tern,wildbird,Elegant tern,Thalasseus elegans,Charadriiformes-Laridae-Thalasseus-Thalasseus elegans,Species,2
thalasseus maximus,thalasseus maximus,wildbird,Royal Tern,Thalasseus maximus,Charadriiformes-Laridae-Thalasseus-Thalasseus maximus,Species,2
sandwich tern,sandwich tern,wildbird,Sandwich tern,Thalasseus sandvicensis,Charadriiformes-Laridae-Thalasseus-Thalasseus sandvicensis,Species,61
thalasseus sandvicensis,thalasseus sandvicensis,wildbird,Sandwich tern,Thalasseus sandvicensis,Charadriiformes-Laridae-Thalasseus-Thalasseus sandvicensis,Species,2
sabines gull,sabines gull,wildbird,Sabine's gull,Xema sabini,Charadriiformes-Laridae-Xema-Xema sabini,Species,1
condor,condor,wildbird,NA,NA,Cathartiformes-Cathartidae-NA-NA,Family,1
common guillemot,common guillemot,wildbird,NA,NA,Charadriiformes-Alcidae-NA-NA,Family,5
white backed stilt,white backed stilt,wildbird,White-backed stilt,Himantopus melanurus,Charadriiformes-Recurvirostridae-Himantopus-Himantopus melanurus,Species,2
black necked stilt,black necked stilt,wildbird,Black-necked stilt,Himantopus mexicanus,Charadriiformes-Recurvirostridae-Himantopus-Himantopus mexicanus,Species,4
pied avocet,pied avocet,wildbird,Pied avocet,Recurvirostra avosetta,Charadriiformes-Recurvirostridae-Recurvirostra-Recurvirostra avosetta,Species,1
arenaria interpres,arenaria interpres,wildbird,Ruddy turnstone,Arenaria interpres,Charadriiformes-Scolopacidae-Arenaria-Arenaria interpres,Species,8
ruddy turnstone,ruddy turnstone,wildbird,Ruddy turnstone,Arenaria interpres,Charadriiformes-Scolopacidae-Arenaria-Arenaria interpres,Species,1845
ruddy turnstons,ruddy turnstons,wildbird,Ruddy turnstone,Arenaria interpres,Charadriiformes-Scolopacidae-Arenaria-Arenaria interpres,Species,1
ruddyturnstone,ruddyturnstone,wildbird,Ruddy turnstone,Arenaria interpres,Charadriiformes-Scolopacidae-Arenaria-Arenaria interpres,Species,5
turnstone,turnstone,wildbird,NA,NA,Charadriiformes-Scolopacidae-Arenaria-NA,Genus,6
sharp tailed sandpiper,sharp tailed sandpiper,wildbird,Sharp-tailed sandpiper,Calidris acuminata,Charadriiformes-Scolopacidae-Calidris-Calidris acuminata,Species,7
sanderling,sanderling,wildbird,Sanderling,Calidris alba,Charadriiformes-Scolopacidae-Calidris-Calidris alba,Species,93
dunlin,dunlin,wildbird,Dunlin,Calidris alpina,Charadriiformes-Scolopacidae-Calidris-Calidris alpina,Species,24
red knot,red knot,wildbird,Red knot,Calidris canutus,Charadriiformes-Scolopacidae-Calidris-Calidris canutus,Species,93
redknot,redknot,wildbird,Red knot,Calidris canutus,Charadriiformes-Scolopacidae-Calidris-Calidris canutus,Species,2
curlew sandpiper,curlew sandpiper,wildbird,Curlew sandpiper,Calidris ferruginea,Charadriiformes-Scolopacidae-Calidris-Calidris ferruginea,Species,1
white rumped sandpiper,white rumped sandpiper,wildbird,White-rumped sandpiper,Calidris fuscicollis,Charadriiformes-Scolopacidae-Calidris-Calidris fuscicollis,Species,9
western sandpiper,western sandpiper,wildbird,Western sandpiper,Calidris mauri,Charadriiformes-Scolopacidae-Calidris-Calidris mauri,Species,1
least sandpiper,least sandpiper,wildbird,Least sandpiper,Calidris minutilla,Charadriiformes-Scolopacidae-Calidris-Calidris minutilla,Species,10
semi palmated sandpiper,semi palmated sandpiper,wildbird,Semipalmated sandpiper,Calidris pusilla,Charadriiformes-Scolopacidae-Calidris-Calidris pusilla,Species,7
semipalmated sandpiper,semipalmated sandpiper,wildbird,Semipalmated sandpiper,Calidris pusilla,Charadriiformes-Scolopacidae-Calidris-Calidris pusilla,Species,28
calidris ruficollis,calidris ruficollis,wildbird,Red-necked stint,Calidris ruficollis,Charadriiformes-Scolopacidae-Calidris-Calidris ruficollis,Species,14
red necked stint,red necked stint,wildbird,Red-necked stint,Calidris ruficollis,Charadriiformes-Scolopacidae-Calidris-Calidris ruficollis,Species,24
rufous necked stint,rufous necked stint,wildbird,Red-necked stint,Calidris ruficollis,Charadriiformes-Scolopacidae-Calidris-Calidris ruficollis,Species,5
knot,knot,wildbird,NA,NA,Charadriiformes-Scolopacidae-Calidris-NA,Genus,7
knot wader,knot wader,wildbird,NA,NA,Charadriiformes-Scolopacidae-Calidris-NA,Genus,2
common snipe,common snipe,wildbird,Common snipe,Gallinago gallinago,Charadriiformes-Scolopacidae-Gallinago-Gallinago gallinago,Species,2
short billed dowitcher,short-billed dowitcher,wildbird,Short-billed Dowitcher,Limnodromus griseus,Charadriiformes-Scolopacidae-Limnodromus-Limnodromus griseus,Species,1
bar tailed godwit,bar tailed godwit,wildbird,Bar-tailed godwit,Limosa lapponica,Charadriiformes-Scolopacidae-Limosa-Limosa lapponica,Species,2
black tailed godwit,black tailed godwit,wildbird,Black tailed godwit,Limosa limosa,Charadriiformes-Scolopacidae-Limosa-Limosa limosa,Species,1
lesser auk,lesser auk,wildbird,NA,NA,Charadriiformes-Alcidae-NA-NA,Family,1
c gull,c gull,wildbird,NA,NA,Charadriiformes-Laridae-NA-NA,Family,1
curlew,curlew,wildbird,NA,NA,Charadriiformes-Scolopacidae-Numenius-NA,Genus,4
eurasian curlew,eurasian curlew,wildbird,Eurasian curlew,Numenius arquata,Charadriiformes-Scolopacidae-Numenius-Numenius arquata,Species,22
numenius arquata,numenius arquata,wildbird,Eurasian curlew,Numenius arquata,Charadriiformes-Scolopacidae-Numenius-Numenius arquata,Species,3
eastern curlew,eastern curlew,wildbird,Far eastern curlew,Numenius madagascariensis,Charadriiformes-Scolopacidae-Numenius-Numenius madagascariensis,Species,7
little curlew,little curlew,wildbird,Little curlew,Numenius minutus,Charadriiformes-Scolopacidae-Numenius-Numenius minutus,Species,1
whimbrel,whimbrel,wildbird,Whimbrel,Numenius phaeopus,Charadriiformes-Scolopacidae-Numenius-Numenius phaeopus,Species,12
eurasian woodcock,eurasian woodcock,wildbird,Eurasian woodcock,Scolopax rusticola,Charadriiformes-Scolopacidae-Scolopax-Scolopax rusticola,Species,1
wood sandpiper,wood sandpiper,wildbird,Wood sandpiper,Tringa glareola,Charadriiformes-Scolopacidae-Tringa-Tringa glareola,Species,1
green sandpiper,green sandpiper,wildbird,Green sandpiper,Tringa ochropus,Charadriiformes-Scolopacidae-Tringa-Tringa ochropus,Species,5
willet,willet,wildbird,Willet,Tringa semipalmata,Charadriiformes-Scolopacidae-Tringa-Tringa semipalmata,Species,2
common redshank,common redshank,wildbird,Common redshank,Tringa totanus,Charadriiformes-Scolopacidae-Tringa-Tringa totanus,Species,4
brown skua,brown skua,wildbird,Brown skua,Stercorarius antarcticus,Charadriiformes-Stercorariidae-Stercorarius-Stercorarius antarcticus,Species,4
long tailed skua,long tailed skua,wildbird,Long-tailed jaeger,Stercorarius longicaudus,Charadriiformes-Stercorariidae-Stercorarius-Stercorarius longicaudus,Species,1
parasitic jaeger,parasitic jaeger,wildbird,Parasitic jaeger,Stercorarius parasiticus,Charadriiformes-Stercorariidae-Stercorarius-Stercorarius parasiticus,Species,2
great skua,great skua,wildbird,Great skua,Stercorarius skua,Charadriiformes-Stercorariidae-Stercorarius-Stercorarius skua,Species,4
open bill,open bill,wildbird,NA,NA,Ciconiiformes-Ciconiidae-Anastomus-NA,Genus,1
open bill ibis,open bill ibis,wildbird,NA,NA,Ciconiiformes-Ciconiidae-Anastomus-NA,Genus,1
open bill stork,open bill stork,wildbird,NA,NA,Ciconiiformes-Ciconiidae-Anastomus-NA,Genus,5
open billed stork,open billed stork,wildbird,NA,NA,Ciconiiformes-Ciconiidae-Anastomus-NA,Genus,31
openbill,openbill,wildbird,NA,NA,Ciconiiformes-Ciconiidae-Anastomus-NA,Genus,1
openbill stork,openbill stork,wildbird,NA,NA,Ciconiiformes-Ciconiidae-Anastomus-NA,Genus,7
oriental white stork,oriental white stork,wildbird,Oriental stork,Ciconia boyciana,Ciconiiformes-Ciconiidae-Ciconia-Ciconia boyciana,Species,1
ciconia ciconia,ciconia ciconia,wildbird,White stork,Ciconia ciconia,Ciconiiformes-Ciconiidae-Ciconia-Ciconia ciconia,Species,8
white stork,white stork,wildbird,White stork,Ciconia ciconia,Ciconiiformes-Ciconiidae-Ciconia-Ciconia ciconia,Species,17
marabou stork,marabou stork,wildbird,Marabou,Leptoptilos crumenifer,Ciconiiformes-Ciconiidae-Leptoptilos-Leptoptilos crumenifer,Species,1
painted stork,painted stork,wildbird,Painted stork,Mycteria leucocephala,Ciconiiformes-Ciconiidae-Mycteria-Mycteria leucocephala,Species,1
gull,gull,wildbird,NA,NA,Charadriiformes-Laridae-NA-NA,Family,143
speckled pigeon,speckled pigeon,wildbird,Speckled pigeon,Columba guinea,Columbiformes-Columbidae-Columba-Columba guinea,Species,1
rock dove,rock dove,wildbird,Rock dove,Columba livia,Columbiformes-Columbidae-Columba-Columba livia,Species,2
rock pigeon,rock pigeon,wildbird,Rock dove,Columba livia,Columbiformes-Columbidae-Columba-Columba livia,Species,1
columba palumbus,Wood pigeon,wildbird,Wood pigeon,Columba palumbus,Columbiformes-Columbidae-Columba-Columba palumbus,Species,2
peaceful dove,peaceful dove,wildbird,Peaceful dove,Geopelia placida,Columbiformes-Columbidae-Geopelia-Geopelia placida,Species,4
little cuckoo dove,little cuckoo dove,wildbird,Lesser red cuckoo dove,Macropygia ruficeps,Columbiformes-Columbidae-Macropygia-Macropygia ruficeps,Species,1
gull1,gull,wildbird,NA,NA,Charadriiformes-Laridae-NA-NA,Family,1
gull10,gull,wildbird,NA,NA,Charadriiformes-Laridae-NA-NA,Family,1
l bl ba gull,l bl ba gull,wildbird,NA,NA,Charadriiformes-Laridae-NA-NA,Family,1
laridae,laridae,wildbird,NA,NA,Charadriiformes-Laridae-NA-NA,Family,1
sea gull,sea gull,wildbird,NA,NA,Charadriiformes-Laridae-NA-NA,Family,1
seagull,seagull,wildbird,NA,NA,Charadriiformes-Laridae-NA-NA,Family,17
spotted dove,spotted dove,wildbird,Spotted dove,Spilopelia chinensis,Columbiformes-Columbidae-Spilopelia-Spilopelia chinensis,Species,1
streptopelia decaocto,streptopelia decaocto,wildbird,Eurasian collared dove,Streptopelia decaocto,Columbiformes-Columbidae-Streptopelia-Streptopelia decaocto,Species,11
tern,tern,wildbird,NA,NA,Charadriiformes-Laridae-NA-NA,Family,16
european bee eater,european bee eater,wildbird,Common bee eater,Merops apiaster,Coraciiformes-Meropidae-Merops-Merops apiaster,Species,1
saker falcon,saker falcon,wildbird,Saker falcon,Falco cherrug,Falconiformes-Falconidae-Falco-Falco cherrug,Species,1
lesser kestrel,lesser kestrel,wildbird,Lesser kestrel,Falco naumanni,Falconiformes-Falconidae-Falco-Falco naumanni,Species,1
falco peregrinus,falco peregrinus,wildbird,Peregrine falcon,Falco peregrinus,Falconiformes-Falconidae-Falco-Falco peregrinus,Species,15
peregrine,peregrine,wildbird,Peregrine falcon,Falco peregrinus,Falconiformes-Falconidae-Falco-Falco peregrinus,Species,2
peregrine falcon,peregrine falcon,wildbird,Peregrine falcon,Falco peregrinus,Falconiformes-Falconidae-Falco-Falco peregrinus,Species,113
perigrine falcon,perigrine falcon,wildbird,Peregrine falcon,Falco peregrinus,Falconiformes-Falconidae-Falco-Falco peregrinus,Species,1
pilgrim falcon,Peregrine Falcon,wildbird,Peregrine Falcon,Falco peregrinus,Falconiformes-Falconidae-Falco-Falco peregrinus,Species,1
gyrfalcon,gyrfalcon,wildbird,Gyr falcon,Falco rusticolus,Falconiformes-Falconidae-Falco-Falco rusticolus,Species,3
common kestel,common kestrel,wildbird,Common kestrel,Falco tinnunculus,Falconiformes-Falconidae-Falco-Falco tinnunculus,Species,1
common kestral,common kestrel,wildbird,Common kestrel,Falco tinnunculus,Falconiformes-Falconidae-Falco-Falco tinnunculus,Species,1
common kestrel,common kestrel,wildbird,Common kestrel,Falco tinnunculus,Falconiformes-Falconidae-Falco-Falco tinnunculus,Species,7
common ketrel,common kestrel,wildbird,Common kestrel,Falco tinnunculus,Falconiformes-Falconidae-Falco-Falco tinnunculus,Species,1
falco tinnunculus,falco tinnunculus,wildbird,Common kestrel,Falco tinnunculus,Falconiformes-Falconidae-Falco-Falco tinnunculus,Species,1
kestrel,kestrel,wildbird,NA,NA,Falconiformes-Falconidae-Falco-NA,Genus,3
sandpiper,sandpiper,wildbird,NA,NA,Charadriiformes-Scolopacidae-NA-NA,Family,10
snipe,snipe,wildbird,NA,NA,Charadriiformes-Scolopacidae-NA-NA,Family,2
stork,stork,wildbird,NA,NA,Ciconiiformes-Ciconiidae-NA-NA,Family,7
feral pigeon,feral pigeon,wildbird,NA,NA,Columbiformes-Columbidae-NA-NA,Family,2
chimango caracara,chimango caracara,wildbird,Chimango Caracara,Phalcoboenus chimango,Falconiformes-Falconidae-Phalcoboenus-Phalcoboenus chimango,Species,1
ortalis vetula,ortalis vetula,wildbird,Plain Chachalaca,Ortalis vetula,Galliformes-Cracidae-Ortalis-Ortalis vetula,Species,15
australian brushturkey,australian brushturkey,wildbird,Brush turkey,Alectura lathami,Galliformes-Megapodiidae-Alectura-Alectura lathami,Species,1
holland pigeon,holland pigeon,wildbird,NA,NA,Columbiformes-Columbidae-NA-NA,Family,1
homing pigeon,homing pigeon,wildbird,NA,NA,Columbiformes-Columbidae-NA-NA,Family,1
turtle dove,turtle dove,wildbird,NA,NA,Columbiformes-Columbidae-NA-NA,Family,1
turtledove,turtledove,wildbird,NA,NA,Columbiformes-Columbidae-NA-NA,Family,9
wild pigeon,wild pigeon,wildbird,NA,NA,Columbiformes-Columbidae-NA-NA,Family,2
rollers,rollers,wildbird,NA,NA,Coraciiformes-Coraciidae-NA-NA,Family,1
caracara,caracara,wildbird,NA,NA,Falconiformes-Falconidae-NA-NA,Family,1
helmeted guineafowl,helmeted guineafowl,wildbird,Helmeted guineafowl,Numida meleagris,Galliformes-Numididae-Numida-Numida meleagris,Species,3
numida meleagris,numida meleagris,wildbird,Helmeted guineafowl,Numida meleagris,Galliformes-Numididae-Numida-Numida meleagris,Species,2
chuckar,chukar partridge,wildbird,Chuckar partridge,Alectoris chukar,Galliformes-Phasianidae-Alectoris-Alectoris chukar,Species,1
chukar,chukar partridge,wildbird,Chuckar partridge,Alectoris chukar,Galliformes-Phasianidae-Alectoris-Alectoris chukar,Species,5
chukka,chukar partridge,wildbird,Chuckar partridge,Alectoris chukar,Galliformes-Phasianidae-Alectoris-Alectoris chukar,Species,2
chukkar,chukar partridge,wildbird,Chuckar partridge,Alectoris chukar,Galliformes-Phasianidae-Alectoris-Alectoris chukar,Species,49
lady amherst's pheasant,lady amherst's pheasant,wildbird,Lady amherst's pheasant,Chrysolophus amherstiae,Galliformes-Phasianidae-Chrysolophus-Chrysolophus amherstiae,Species,1
golden pheasant,golden pheasant,wildbird,Golden pheasant,Chrysolophus pictus,Galliformes-Phasianidae-Chrysolophus-Chrysolophus pictus,Species,1
common quail,common quail,wildbird,Common quail,Coturnix coturnix,Galliformes-Phasianidae-Coturnix-Coturnix coturnix,Species,2
japanese quail,japanese quail,wildbird,Japanese quail,Coturnix japonica,Galliformes-Phasianidae-Coturnix-Coturnix japonica,Species,3
chinese francolin,chinese francolin,wildbird,Chinese francolin,Francolinus pintadeanus,Galliformes-Phasianidae-Francolinus-Francolinus pintadeanus,Species,1
kalij pheasant,kalij pheasant,wildbird,Kalij pheasant,Lophura leucomelanos,Galliformes-Phasianidae-Lophura-Lophura leucomelanos,Species,2
kalji pheasant,kalji pheasant,wildbird,Kalij pheasant,Lophura leucomelanos,Galliformes-Phasianidae-Lophura-Lophura leucomelanos,Species,2
silver pheasant,silver pheasant,wildbird,Silver pheasant,Lophura nycthemera,Galliformes-Phasianidae-Lophura-Lophura nycthemera,Species,3
wild turkey,wild turkey,wildbird,Wild turkey,Meleagris gallopavo,Galliformes-Phasianidae-Meleagris-Meleagris gallopavo,Species,1
falcon,falcon,wildbird,NA,NA,Falconiformes-Falconidae-NA-NA,Family,23
hobby falcon,hobby falcon,wildbird,NA,NA,Falconiformes-Falconidae-NA-NA,Family,1
p falcon,p falcon,wildbird,NA,NA,Falconiformes-Falconidae-NA-NA,Family,1
giuineafowl,Guineafowl,wildbird,NA,NA,Galliformes-Numididae-NA-NA,Family,1
guinea,guinea,wildbird,NA,NA,Galliformes-Numididae-NA-NA,Family,1
guinea fowl,guinea fowl,wildbird,NA,NA,Galliformes-Numididae-NA-NA,Family,163
common peacock,common peacock,wildbird,Indian Peafowl,Pavo cristatus,Galliformes-Phasianidae-Pavo-Pavo cristatus,Species,1
indian peafowl,indian peafowl,wildbird,Indian peafowl,Pavo cristatus,Galliformes-Phasianidae-Pavo-Pavo cristatus,Species,1
pavo cristatus,pavo cristatus,wildbird,Indian peafowl,Pavo cristatus,Galliformes-Phasianidae-Pavo-Pavo cristatus,Species,5
white peacock,white peacock,wildbird,Indian peafowl,Pavo cristatus,Galliformes-Phasianidae-Pavo-Pavo cristatus,Species,1
white peafowl,white peafowl,wildbird,Indian peafowl,Pavo cristatus,Galliformes-Phasianidae-Pavo-Pavo cristatus,Species,4
green peafowl,green peafowl,wildbird,Green peafowl,Pavo muticus,Galliformes-Phasianidae-Pavo-Pavo muticus,Species,1
perdix perdix,perdix perdix,wildbird,Grey partridge,Perdix perdix,Galliformes-Phasianidae-Perdix-Perdix perdix,Species,1
chinese ringneck pheasant,common pheasant,wildbird,Common pheasant,Phasianus colchicus,Galliformes-Phasianidae-Phasianus-Phasianus colchicus,Species,2
common pheasant,common pheasant,wildbird,Common pheasant,Phasianus colchicus,Galliformes-Phasianidae-Phasianus-Phasianus colchicus,Species,9
phasianus colchicus,phasianus colchicus,wildbird,Common pheasant,Phasianus colchicus,Galliformes-Phasianidae-Phasianus-Phasianus colchicus,Species,7
green pheasant,green pheasant,wildbird,Green pheasant,Phasianus versicolor,Galliformes-Phasianidae-Phasianus-Phasianus versicolor,Species,1
white naped crane,white naped crane,wildbird,white-naped crane,Antigone vipio,Gruiformes-Gruidae-Antigone-Antigone vipio,Species,3
gray crowed crane,gray crowed crane,wildbird,Grey crowned crane,Balearica regulorum,Gruiformes-Gruidae-Balearica-Balearica regulorum,Species,2
crowned crane zoo,crowned crane,wildbird,NA,NA,Gruiformes-Gruidae-Balearica-NA,Genus,1
common crane,common crane,wildbird,Common crane,Grus grus,Gruiformes-Gruidae-Grus-Grus grus,Species,11
grus japonensis,grus japonensis,wildbird,Red-crowned crane,Grus japonensis,Gruiformes-Gruidae-Grus-Grus japonensis,Species,1
red crowned crane,red crowned crane,wildbird,Red-crowned crane,Grus japonensis,Gruiformes-Gruidae-Grus-Grus japonensis,Species,4
hooded crane,hooded crane,wildbird,Hooded crane,Grus monacha,Gruiformes-Gruidae-Grus-Grus monacha,Species,25
black neck crane,black necked crane,wildbird,Black-necked crane,Grus nigricollis,Gruiformes-Gruidae-Grus-Grus nigricollis,Species,1
black necked crane,black necked crane,wildbird,Black-necked crane,Grus nigricollis,Gruiformes-Gruidae-Grus-Grus nigricollis,Species,1
black throated crane,black necked crane,wildbird,Black-necked crane,Grus nigricollis,Gruiformes-Gruidae-Grus-Grus nigricollis,Species,1
bluecrane,blue crane,wildbird,Blue crane,Grus paradisea,Gruiformes-Gruidae-Grus-Grus paradisea,Species,1
anthropoides virgo,anthropoides virgo,wildbird,Demoiselle crane,Grus virgo,Gruiformes-Gruidae-Grus-Grus virgo,Species,2
guinea hen,guinea hen,wildbird,NA,NA,Galliformes-Numididae-NA-NA,Family,1
american coot,american coot,wildbird,American coot,Fulica americana,Gruiformes-Rallidae-Fulica-Fulica americana,Species,6
common coot,eurasian coot,wildbird,Common coot,Fulica atra,Gruiformes-Rallidae-Fulica-Fulica atra,Species,11
euraisan coot,euraisan coot,wildbird,Common coot,Fulica atra,Gruiformes-Rallidae-Fulica-Fulica atra,Species,1
eurasian coot,eurasian coot,wildbird,Common coot,Fulica atra,Gruiformes-Rallidae-Fulica-Fulica atra,Species,3
fulica atra,fulica atra,wildbird,Common coot,Fulica atra,Gruiformes-Rallidae-Fulica-Fulica atra,Species,4
red fronted coot,red fronted coot,wildbird,Red-fronted coot,Fulica rufifrons,Gruiformes-Rallidae-Fulica-Fulica rufifrons,Species,2
coot,coot,wildbird,NA,NA,Gruiformes-Rallidae-Fulica-NA,Genus,18
watercoot,watercoot,wildbird,NA,NA,Gruiformes-Rallidae-Fulica-NA,Genus,1
watercock,watercock,wildbird,Watercock,Gallicrex cinerea,Gruiformes-Rallidae-Gallicrex-Gallicrex cinerea,Species,3
common moorhen,common moorhen,wildbird,Common moorhen,Gallinula chloropus,Gruiformes-Rallidae-Gallinula-Gallinula chloropus,Species,1
gallinula chloropus,gallinula chloropus,wildbird,Common moorhen,Gallinula chloropus,Gruiformes-Rallidae-Gallinula-Gallinula chloropus,Species,2
moorhen,moorhen,wildbird,NA,NA,Gruiformes-Rallidae-Gallinula-NA,Genus,4
anas platyrhynchos et fulica atra,anas platyrhynchos et fulica atra,wildbird,NA,NA,NA,Class,1
anser brachyrhynchus anser anser,anser brachyrhynchus anser anser,wildbird,NA,NA,Anseriformes-Anatidae-Anser-NA,Genus,1
white bellied bustard,white bellied bustard,wildbird,White-bellied bustard,Eupodotis senegalensis,Otidiformes-Otididae-Eupodotis-Eupodotis senegalensis,Species,5
great bustard,great bustard,wildbird,Great bustard,Otis tarda,Otidiformes-Otididae-Otis-Otis tarda,Species,1
european reed warbler,european reed warbler,wildbird,Eurasian reed warbler,Acrocephalus scirpaceus,Passeriformes-Acrocephalidae-Acrocephalus-Acrocephalus scirpaceus,Species,1
aquatic bird,aquatic bird,wildbird,NA,NA,NA,Class,74
common iora,common iora,wildbird,Common iora,Aegithina tiphia,Passeriformes-Aegithinidae-Aegithina-Aegithina tiphia,Species,1
cedar waxwing,cedar waxwing,wildbird,Cedar waxwing,Bombycilla cedrorum,Passeriformes-Bombycillidae-Bombycilla-Bombycilla cedrorum,Species,1
western tanager,western tanager,wildbird,Western tanager,Piranga ludoviciana,Passeriformes-Cardinalidae-Piranga-Piranga ludoviciana,Species,4
bird,bird,wildbird,NA,NA,NA,Class,26
american crow,american crow,wildbird,American crow,Corvus brachyrhynchos,Passeriformes-Corvidae-Corvus-Corvus brachyrhynchos,Species,42
northwestern crow,northwestern crow,wildbird,Northwestern crow,Corvus caurinus,Passeriformes-Corvidae-Corvus-Corvus caurinus,Species,2
common raven,common raven,wildbird,Common raven,Corvus corax,Passeriformes-Corvidae-Corvus-Corvus corax,Species,2
rook,rook,wildbird,Rook,Corvus frugilegus,Passeriformes-Corvidae-Corvus-Corvus frugilegus,Species,8
large billed crow,large billed crow,wildbird,Large-billed crow,Corvus macrorhynchos,Passeriformes-Corvidae-Corvus-Corvus macrorhynchos,Species,39
corvus monedula,corvus monedula,wildbird,Western jackdaw,Corvus monedula,Passeriformes-Corvidae-Corvus-Corvus monedula,Species,2
western jackdaw,western jackdaw,wildbird,Western jackdaw,Corvus monedula,Passeriformes-Corvidae-Corvus-Corvus monedula,Species,3
corvus splendens,corvus splendens,wildbird,House crow,Corvus splendens,Passeriformes-Corvidae-Corvus-Corvus splendens,Species,1
house crow,house crow,wildbird,House crow,Corvus splendens,Passeriformes-Corvidae-Corvus-Corvus splendens,Species,7
blackbird,blackbird,wildbird,NA,NA,NA,Class,1
conure,conure,wildbird,NA,NA,Psittaciformes-Psittacidae-NA-NA,Family,2
ruddy duck,ruddy duck,wildbird,Ruddy duck,Oxyura jamaicensis,Anseriformes-Anatidae-Oxyura-Oxyura jamaicensis,Species,4
exotic bird,exotic bird,wildbird,NA,NA,NA,Class,1
glaucous gull herring gull hybrid,glaucous gull herring gull hybrid,wildbird,NA,NA,Charadriiformes-Laridae-NA-NA,Family,1
eurasian jay,eurasian jay,wildbird,Eurasian jay,Garrulus glandarius,Passeriformes-Corvidae-Garrulus-Garrulus glandarius,Species,1
garrulus glandarius,garrulus glandarius,wildbird,Eurasian jay,Garrulus glandarius,Passeriformes-Corvidae-Garrulus-Garrulus glandarius,Species,1
gr bk bd gull,gr bk bd gull,wildbird,NA,NA,Charadriiformes-Laridae-NA-NA,Family,1
white headed duck,white headed duck,wildbird,White-headed duck,Oxyura leucocephala,Anseriformes-Anatidae-Oxyura-Oxyura leucocephala,Species,1
black billed magpie,black-billed magpie,wildbird,Black-billed magpie,Pica hudsonia,Passeriformes-Corvidae-Pica-Pica hudsonia,Species,4
common magpie,eurasian magpie,wildbird,Eurasian magpie,Pica pica,Passeriformes-Corvidae-Pica-Pica pica,Species,6
eurasian magpie,eurasian magpie,wildbird,Eurasian magpie,Pica pica,Passeriformes-Corvidae-Pica-Pica pica,Species,2
pica pica,pica pica,wildbird,Eurasian magpie,Pica pica,Passeriformes-Corvidae-Pica-Pica pica,Species,2
comb duck,comb duck,wildbird,Comb duck,Sarkidiornis sylvicola,Anseriformes-Anatidae-Sarkidiornis-Sarkidiornis sylvicola,Species,1
chestnut munia,chestnut munia,wildbird,Chestnut munia,Lonchura atricapilla,Passeriformes-Estrildidae-Lonchura-Lonchura atricapilla,Species,1
scaly breasted munia,scaly breasted munia,wildbird,Scaly-breasted munia,Lonchura punctulata,Passeriformes-Estrildidae-Lonchura-Lonchura punctulata,Species,3
white backed munia,white backed munia,wildbird,White-rumped Munia,Lonchura striata,Passeriformes-Estrildidae-Lonchura-Lonchura striata,Species,4
rubby shelduck,rubby shelduck,wildbird,Ruddy shelduck,Tadorna ferruginea,Anseriformes-Anatidae-Tadorna-Tadorna ferruginea,Species,2
red cheeked cordonbleu,red cheeked cordonbleu,wildbird,Red-cheeked cordon-bleu,Uraeginthus bengalus,Passeriformes-Estrildidae-Uraeginthus-Uraeginthus bengalus,Species,2
brambling,brambling,wildbird,Brambling,Fringilla montifringilla,Passeriformes-Fringillidae-Fringilla-Fringilla montifringilla,Species,1
campylorhamphus pucherani,campylorhamphus pucherani,wildbird,Greater scythebill,Drymotoxeres pucheranii,Passeriformes-Furnariidae-Drymotoxeres-Drymotoxeres pucheranii,Species,1
barn swallow,barn swallow,wildbird,Barn swallow,Hirundo rustica,Passeriformes-Hirundinidae-Hirundo-Hirundo rustica,Species,2
barnswallow,barn swallow,wildbird,Barn swallow,Hirundo rustica,Passeriformes-Hirundinidae-Hirundo-Hirundo rustica,Species,1
migratory bird,migratory bird,wildbird,NA,NA,NA,Class,5
yellow breasted chat,yellow breasted chat,wildbird,Yellow-breasted chat,Icteria virens,Passeriformes-Icteridae-Icteria-Icteria virens,Species,1
great tailed grackle,great tailed grackle,wildbird,Great-tailed grackle,Quiscalus mexicanus,Passeriformes-Icteridae-Quiscalus-Quiscalus mexicanus,Species,3
ruddy shelduck,ruddy shelduck,wildbird,Ruddy shelduck,Tadorna ferruginea,Anseriformes-Anatidae-Tadorna-Tadorna ferruginea,Species,37
long tailed shrike,long tailed shrike,wildbird,Long-tailed shrike,Lanius schach,Passeriformes-Laniidae-Lanius-Lanius schach,Species,1
migratory waterfowl,migratory waterfowl,wildbird,NA,NA,NA,Class,2
chinese hwamei,chinese hwamei,wildbird,Chinese hwamei,Garrulax canorus,Passeriformes-Leiothrichidae-Garrulax-Garrulax canorus,Species,1
silver eared mesia,silver eared mesia,wildbird,Silver-eared mesia,Leiothrix argentauris,Passeriformes-Leiothrichidae-Leiothrix-Leiothrix argentauris,Species,2
pekin robin,pekin robin,wildbird,Red-billed leiothrix,Leiothrix lutea,Passeriformes-Leiothrichidae-Leiothrix-Leiothrix lutea,Species,1
green crombec,green crombec,wildbird,Green crombec,Sylvietta virens,Passeriformes-Macrosphenidae-Sylvietta-Sylvietta virens,Species,1
copsychus saularis,copsychus saularis,wildbird,Oriental magpie-robin,Copsychus saularis,Passeriformes-Muscicapidae-Copsychus-Copsychus saularis,Species,1
oriental magpie robin,oriental magpie robin,wildbird,Oriental magpie-robin,Copsychus saularis,Passeriformes-Muscicapidae-Copsychus-Copsychus saularis,Species,5
mixed wild birds,mixed wild birds,wildbird,NA,NA,NA,Class,1
luscinia cyane,luscinia cyane,wildbird,Siberian blue robin,Larvivora cyane,Passeriformes-Muscicapidae-Larvivora-Larvivora cyane,Species,1
nightingale,nightingale,wildbird,Common nightingale,Luscinia megarhynchos,Passeriformes-Muscicapidae-Luscinia-Luscinia megarhynchos,Species,1
isabelline wheatear,isabelline wheatear,wildbird,Isabelline wheatear,Oenanthe isabellina,Passeriformes-Muscicapidae-Oenanthe-Oenanthe isabellina,Species,1
african stonechat,african stonechat,wildbird,African stonechat,Saxicola torquatus,Passeriformes-Muscicapidae-Saxicola-Saxicola torquatus,Species,1
ornamental bird,ornamental bird,wildbird,NA,NA,NA,Class,1
seabird,seabird,wildbird,NA,NA,NA,Class,5
common shelduck,common shelduck,wildbird,Common shelduck,Tadorna tadorna,Anseriformes-Anatidae-Tadorna-Tadorna tadorna,Species,9
vulture,vulture,wildbird,NA,NA,NA,Class,12
eastern olive sunbird,eastern olive sunbird,wildbird,Olive sunbird,Cyanomitra olivacea,Passeriformes-Nectariniidae-Cyanomitra-Cyanomitra olivacea,Species,3
great tit,great tit,wildbird,Great tit,Parus major,Passeriformes-Paridae-Parus-Parus major,Species,1
macgillivrays warbler,macgillivrays warbler,wildbird,Macgillivray's warbler,Geothlypis tolmiei,Passeriformes-Parulidae-Geothlypis-Geothlypis tolmiei,Species,2
northern waterthrush,northern waterthrush,wildbird,helmeted guineafowl,Parkesia noveboracensis,Passeriformes-Parulidae-Parkesia-Parkesia noveboracensis,Species,1
audubons warbler,audubons warbler,wildbird,Audubon's warbler,Setophaga auduboni,Passeriformes-Parulidae-Setophaga-Setophaga auduboni,Species,1
oregon junco,oregon junco,wildbird,Dark-eyed junco,Junco hyemalis,Passeriformes-Passerellidae-Junco-Junco hyemalis,Species,2
song sparrow,song sparrow,wildbird,Song sparrow,Melospiza melodia,Passeriformes-Passerellidae-Melospiza-Melospiza melodia,Species,1
water fowl,water fowl,wildbird,NA,NA,NA,Class,1
house sparrow,house sparrow,wildbird,House sparrow,Passer domesticus,Passeriformes-Passeridae-Passer-Passer domesticus,Species,4
passer domesticus,passer domesticus,wildbird,House sparrow,Passer domesticus,Passeriformes-Passeridae-Passer-Passer domesticus,Species,3
grey headed sparrow,grey headed sparrow,wildbird,Northern grey-headed sparrow,Passer griseus,Passeriformes-Passeridae-Passer-Passer griseus,Species,1
tree sparrow,tree sparrow,wildbird,Eurasian tree sparrow,Passer montanus,Passeriformes-Passeridae-Passer-Passer montanus,Species,13
crested jay,crested jay,wildbird,Crested jay,Platylophus galericulatus,Passeriformes-Platylophidae-Platylophus-Platylophus galericulatus,Species,1
northern red bishop,northern red bishop,wildbird,Northern red bishop,Euplectes franciscanus,Passeriformes-Ploceidae-Euplectes-Euplectes franciscanus,Species,1
waterfowl,waterfowl,wildbird,NA,NA,NA,Class,19
village weaver,village weaver,wildbird,Village weaver,Ploceus cucullatus,Passeriformes-Ploceidae-Ploceus-Ploceus cucullatus,Species,2
black headed weaver,black headed weaver,wildbird,Black-headed weaver,Ploceus melanocephalus,Passeriformes-Ploceidae-Ploceus-Ploceus melanocephalus,Species,2
vieillot's weaver,vieillot's weaver,wildbird,Vieillot's black weaver,Ploceus nigerrimus,Passeriformes-Ploceidae-Ploceus-Ploceus nigerrimus,Species,2
speckle fronted weaver,speckle fronted weaver,wildbird,Speckle-fronted weaver,Sporopipes frontalis,Passeriformes-Ploceidae-Sporopipes-Sporopipes frontalis,Species,2
little greenbul,little greenbul,wildbird,Little greenbul,Eurillas virens,Passeriformes-Pycnonotidae-Eurillas-Eurillas virens,Species,1
black bulbul,black bulbul,wildbird,Black bulbul,Hypsipetes leucocephalus,Passeriformes-Pycnonotidae-Hypsipetes-Hypsipetes leucocephalus,Species,1
spotted greenbul,spotted greenbul,wildbird,Spotted greenbul,Ixonotus guttatus,Passeriformes-Pycnonotidae-Ixonotus-Ixonotus guttatus,Species,1
wild bird,wild bird,wildbird,NA,NA,NA,Class,198
golden crowned kinglet,golden crowned kinglet,wildbird,Golden-crowned kinglet,Regulus satrapa,Passeriformes-Regulidae-Regulus-Regulus satrapa,Species,1
green hylia,green hylia,wildbird,Green hylia,Hylia prasina,Passeriformes-Scotocercidae-Hylia-Hylia prasina,Species,1
crested myna,crested myna,wildbird,Crested myna,Acridotheres cristatellus,Passeriformes-Sturnidae-Acridotheres-Acridotheres cristatellus,Species,2
common myna,common myna,wildbird,Common myna,Acridotheres tristis,Passeriformes-Sturnidae-Acridotheres-Acridotheres tristis,Species,1
daurian starling,daurian starling,wildbird,Daurian starling,Agropsar sturninus,Passeriformes-Sturnidae-Agropsar-Agropsar sturninus,Species,1
wild birds,wild birds,wildbird,NA,NA,NA,Class,17
african starling,african starling,wildbird,Pied Starling,Lamprotornis bicolor,Passeriformes-Sturnidae-Lamprotornis-Lamprotornis bicolor,Species,2
australian shelduck,australian shelduck,wildbird,Australian shelduck,Tadorna tadornoides,Anseriformes-Anatidae-Tadorna-Tadorna tadornoides,Species,2
red billed starling,red billed starling,wildbird,Red-billed starling,Spodiopsar sericeus,Passeriformes-Sturnidae-Spodiopsar-Spodiopsar sericeus,Species,1
bewicks wren,bewicks wren,wildbird,Bewick's wren,Thryomanes bewickii,Passeriformes-Troglodytidae-Thryomanes-Thryomanes bewickii,Species,1
veery,veery,wildbird,Veery,Catharus fuscescens,Passeriformes-Turdidae-Catharus-Catharus fuscescens,Species,1
hermit thrush,hermit thrush,wildbird,Hermit thrush,Catharus guttatus,Passeriformes-Turdidae-Catharus-Catharus guttatus,Species,1
swainsons thrush,swainsons thrush,wildbird,Swainson‘s thrush,Catharus ustulatus,Passeriformes-Turdidae-Catharus-Catharus ustulatus,Species,6
american robin,american robin,wildbird,American robin,Turdus migratorius,Passeriformes-Turdidae-Turdus-Turdus migratorius,Species,3
song thrush,song thrush,wildbird,Song thrush,Turdus philomelos,Passeriformes-Turdidae-Turdus-Turdus philomelos,Species,1
golden mountain thrush,golden mountain thrush,wildbird,Scaly Thrush,Zoothera dauma,Passeriformes-Turdidae-Zoothera-Zoothera dauma,Species,1
scaly thrush,scaly thrush,wildbird,Scaly thrush,Zoothera dauma,Passeriformes-Turdidae-Zoothera-Zoothera dauma,Species,1
western wood pewee,western wood pewee,wildbird,Western wood-pewee,Contopus sordidulus,Passeriformes-Tyrannidae-Contopus-Contopus sordidulus,Species,1
alder flycatcher,alder flycatcher,wildbird,Alder flycatcher,Empidonax alnorum,Passeriformes-Tyrannidae-Empidonax-Empidonax alnorum,Species,1
pacific slope flycatcher,pacific slope flycatcher,wildbird,Pacific-slope flycatcher,Empidonax difficilis,Passeriformes-Tyrannidae-Empidonax-Empidonax difficilis,Species,1
japanese white eye,japanese white eye,wildbird,Japanese white-eye,Zosterops japonicus,Passeriformes-Zosteropidae-Zosterops-Zosterops japonicus,Species,3
great egret,great egret,wildbird,Great egret,Ardea alba,Pelecaniformes-Ardeidae-Ardea-Ardea alba,Species,18
ardea cinera,ardea cinerea,wildbird,Grey heron,Ardea cinerea,Pelecaniformes-Ardeidae-Ardea-Ardea cinerea,Species,1
ardea cinerea,ardea cinerea,wildbird,Grey heron,Ardea cinerea,Pelecaniformes-Ardeidae-Ardea-Ardea cinerea,Species,3
common heron,common heron,wildbird,Grey Heron,Ardea cinerea,Pelecaniformes-Ardeidae-Ardea-Ardea cinerea,Species,1
gray heron,gray heron,wildbird,Grey heron,Ardea cinerea,Pelecaniformes-Ardeidae-Ardea-Ardea cinerea,Species,9
grey heron,grey heron,wildbird,Grey heron,Ardea cinerea,Pelecaniformes-Ardeidae-Ardea-Ardea cinerea,Species,29
great blue heron,great blue heron,wildbird,Great blue heron,Ardea herodias,Pelecaniformes-Ardeidae-Ardea-Ardea herodias,Species,8
chinese pond heron,chinese pond heron,wildbird,Chinese pond heron,Ardeola bacchus,Pelecaniformes-Ardeidae-Ardeola-Ardeola bacchus,Species,2
wild migratory bird,wild migratory bird,wildbird,NA,NA,NA,Class,3
green heron,green heron,wildbird,Green heron,Butorides virescens,Pelecaniformes-Ardeidae-Butorides-Butorides virescens,Species,1
egretta garzetta,egretta garzetta,wildbird,Little egret,Egretta garzetta,Pelecaniformes-Ardeidae-Egretta-Egretta garzetta,Species,1
little egret,little egret,wildbird,Little egret,Egretta garzetta,Pelecaniformes-Ardeidae-Egretta-Egretta garzetta,Species,8
snowy egret,snowy egret,wildbird,Snowy egret,Egretta thula,Pelecaniformes-Ardeidae-Egretta-Egretta thula,Species,1
von schrenck's bittern,von schrenck's bittern,wildbird,Von schrenck's bittern,Ixobrychus eurhythmus,Pelecaniformes-Ardeidae-Ixobrychus-Ixobrychus eurhythmus,Species,1
wild waterfowl,wild waterfowl,wildbird,NA,NA,NA,Class,100
wildbird,wildbird,wildbird,NA,NA,NA,Class,7
black crowned night heron,black crowned night heron,wildbird,Black-crowned night heron,Nycticorax nycticorax,Pelecaniformes-Ardeidae-Nycticorax-Nycticorax nycticorax,Species,2
wildbirds guineafowl makou egyptian geese,wildbirds guineafowl makou egyptian geese,wildbird,NA,NA,NA,Class,3
wildfowl,wildfowl,wildbird,NA,NA,NA,Class,5
houbara,houbara,wildbird,NA,NA,Otidiformes-Otididae-Chlamydotis-NA,Genus,1
pelecanus conspicillatus,pelecanus conspicillatus,wildbird,Australian pelican,Pelecanus conspicillatus,Pelecaniformes-Pelecanidae-Pelecanus-Pelecanus conspicillatus,Species,1
dalmatian pelican,dalmatian pelican,wildbird,Dalmatian pelican,Pelecanus crispus,Pelecaniformes-Pelecanidae-Pelecanus-Pelecanus crispus,Species,6
pelecanus crispus,pelecanus crispus,wildbird,Dalmatian pelican,Pelecanus crispus,Pelecaniformes-Pelecanidae-Pelecanus-Pelecanus crispus,Species,1
american white pelican,american white pelican,wildbird,American white pelican,Pelecanus erythrorhynchos,Pelecaniformes-Pelecanidae-Pelecanus-Pelecanus erythrorhynchos,Species,7
brown pelican,brown pelican,wildbird,Brown pelican,Pelecanus occidentalis,Pelecaniformes-Pelecanidae-Pelecanus-Pelecanus occidentalis,Species,3
pelecanus occidentalis,pelecanus occidentalis,wildbird,Brown pelican,Pelecanus occidentalis,Pelecaniformes-Pelecanidae-Pelecanus-Pelecanus occidentalis,Species,16
great white pelican,great white pelican,wildbird,Great white pelican,Pelecanus onocrotalus,Pelecaniformes-Pelecanidae-Pelecanus-Pelecanus onocrotalus,Species,3
spot billed pelican,spot billed pelican,wildbird,Spot-billed pelican,Pelecanus philippensis,Pelecaniformes-Pelecanidae-Pelecanus-Pelecanus philippensis,Species,1
peruvian pelican,peruvian pelican,wildbird,Peruvian pelican,Pelecanus thagus,Pelecaniformes-Pelecanidae-Pelecanus-Pelecanus thagus,Species,2
scarlet ibis,scarlet ibis,wildbird,Scarlet ibis,Eudocimus ruber,Pelecaniformes-Threskiornithidae-Eudocimus-Eudocimus ruber,Species,1
houbara bustard,houbara bustard,wildbird,NA,NA,Otidiformes-Otididae-Chlamydotis-NA,Genus,1
guineafowl,guineafowl,wildbird,NA,NA,Galliformes-Numididae-NA-NA,Family,27
eurasian spoonbill,eurasian spoonbill,wildbird,Eurasian spoonbill,Platalea leucorodia,Pelecaniformes-Threskiornithidae-Platalea-Platalea leucorodia,Species,8
unidentified cisticola,unidentified cisticola,wildbird,NA,NA,Passeriformes-Cisticolidae-Cisticola-NA,Genus,1
lesser flamingo,lesser flamingo,wildbird,Lesser flamingo,Phoeniconaias minor,Phoenicopteriformes-Phoenicopteridae-Phoeniconaias-Phoeniconaias minor,Species,1
american raven,american raven,wildbird,NA,NA,Passeriformes-Corvidae-Corvus-NA,Genus,1
great barbet,great barbet,wildbird,Great barbet,Psilopogon virens,Piciformes-Megalaimidae-Psilopogon-Psilopogon virens,Species,1
brown eared woodpecker,brown eared woodpecker,wildbird,Brown-eared woodpecker,Campethera caroli,Piciformes-Picidae-Campether-Campethera caroli,Species,1
western grebe,western grebe,wildbird,Western grebe,Aechmophorus occidentalis,Podicipediformes-Podicipedidae-Aechmophorus-Aechmophorus occidentalis,Species,1
corvus corvus,corvus corvus,wildbird,NA,NA,Passeriformes-Corvidae-Corvus-NA,Genus,1
crow,crow,wildbird,NA,NA,Passeriformes-Corvidae-Corvus-NA,Genus,113
great crested grebe,great crested grebe,wildbird,Great crested grebe,Podiceps cristatus,Podicipediformes-Podicipedidae-Podiceps-Podiceps cristatus,Species,27
great drested grebe,great drested grebe,wildbird,Great crested grebe,Podiceps cristatus,Podicipediformes-Podicipedidae-Podiceps-Podiceps cristatus,Species,1
podiceps cristatus,podiceps cristatus,wildbird,Great crested grebe,Podiceps cristatus,Podicipediformes-Podicipedidae-Podiceps-Podiceps cristatus,Species,1
red necked grebe,red necked grebe,wildbird,Red-necked grebe,Podiceps grisegena,Podicipediformes-Podicipedidae-Podiceps-Podiceps grisegena,Species,6
black necked grebe,black necked grebe,wildbird,Black-necked grebe,Podiceps nigricollis,Podicipediformes-Podicipedidae-Podiceps-Podiceps nigricollis,Species,14
black nested grebe,black necked grebe,wildbird,Black-necked grebe,Podiceps nigricollis,Podicipediformes-Podicipedidae-Podiceps-Podiceps nigricollis,Species,1
eared grebe,eared grebe,wildbird,Black-necked grebe,Podiceps nigricollis,Podicipediformes-Podicipedidae-Podiceps-Podiceps nigricollis,Species,1
little grebe,little grebe,wildbird,Little grebe,Tachybaptus ruficollis,Podicipediformes-Podicipedidae-Tachybaptus-Tachybaptus ruficollis,Species,8
tachybaptus ruficollis,tachybaptus ruficollis,wildbird,Little grebe,Tachybaptus ruficollis,Podicipediformes-Podicipedidae-Tachybaptus-Tachybaptus ruficollis,Species,1
wedge tailed shearwater,wedge tailed shearwater,wildbird,Wedge-tailed shearwater,Ardenna pacifica,Procellariiformes-Procellariidae-Ardenna-Ardenna pacifica,Species,4
jungle crow,jungle crow,wildbird,NA,NA,Passeriformes-Corvidae-Corvus-NA,Genus,20
raven,raven,wildbird,NA,NA,Passeriformes-Corvidae-Corvus-NA,Genus,3
wildbirds guineafowl,wildbirds guineafowl,wildbird,NA,NA,Galliformes-Numididae-NA-NA,Family,1
manx shearwater,manx shearwater,wildbird,Manx shearwater,Puffinus puffinus,Procellariiformes-Procellariidae-Puffinus-Puffinus puffinus,Species,1
partridge,partridge,wildbird,NA,NA,Galliformes-Phasianidae-NA-NA,Family,63
blue magpie,blue magpie,wildbird,NA,NA,Passeriformes-Corvidae-Urocissa-NA,Genus,1
munia,munia,wildbird,NA,NA,Passeriformes-Estrildidae-Lonchura-NA,Genus,1
pavo,pavo,wildbird,NA,NA,Galliformes-Phasianidae-NA-NA,Family,1
amazona albifrons,amazona albifrons,wildbird,White-fronted parrot,Amazona albifrons,Psittaciformes-Psittacidae-Amazona-Amazona albifrons,Species,1
yellow headed amazon,yellow headed amazon,wildbird,Yellow-headed amazon,Amazona oratrix,Psittaciformes-Psittacidae-Amazona-Amazona oratrix,Species,1
fairy bluebird,fairy bluebird,wildbird,NA,NA,Passeriformes-Irenidae-Irena-NA,Genus,1
budgerigar,budgerigar,wildbird,Budgerigar,Melopsittacus undulatus,Psittaciformes-Psittacidae-Melopsittacus-Melopsittacus undulatus,Species,3
shrike,shrike,wildbird,NA,NA,Passeriformes-Laniidae-Lanius-NA,Genus,1
syrrhaptes paradoxus,syrrhaptes paradoxus,wildbird,Pallas's sandgrouse,Syrrhaptes paradoxus,Pterocliformes-Pteroclidae-Syrrhaptes-Syrrhaptes paradoxus,Species,1
magpie robin,magpie robin,wildbird,NA,NA,Passeriformes-Muscicapidae-Copsychus-NA,Genus,5
adelie penguin,adelie penguin,wildbird,Adelie penguin,Pygoscelis adeliae,Sphenisciformes-Spheniscidae-Pygoscelis-Pygoscelis adeliae,Species,4
chinstrap penguin,chinstrap penguin,wildbird,Chinstrap penguin,Pygoscelis antarcticus,Sphenisciformes-Spheniscidae-Pygoscelis-Pygoscelis antarcticus,Species,11
humboldt penguin,humboldt penguin,wildbird,Humboldt penguin,Spheniscus humboldti,Sphenisciformes-Spheniscidae-Spheniscus-Spheniscus humboldti,Species,4
peacock,peacock,wildbird,NA,NA,Galliformes-Phasianidae-NA-NA,Family,28
short eared owl,short eared owl,wildbird,Short-eared owl,Asio flammeus,Strigiformes-Strigidae-Asio-Asio flammeus,Species,1
long eared owl,long eared owl,wildbird,Long-eared owl,Asio otus,Strigiformes-Strigidae-Asio-Asio otus,Species,5
athene noctua,athene noctua,wildbird,Little owl,Athene noctua,Strigiformes-Strigidae-Athene-Athene noctua,Species,1
little owl,little owl,wildbird,Little owl,Athene noctua,Strigiformes-Strigidae-Athene-Athene noctua,Species,1
bubo bubo,eurasian eagle owl,wildbird,Northern eagel owl,Bubo bubo,Strigiformes-Strigidae-Bubo-Bubo bubo,Species,1
eurasian eagel owl,eurasian eagel owl,wildbird,Northern eagel owl,Bubo bubo,Strigiformes-Strigidae-Bubo-Bubo bubo,Species,2
eurasian eagle owl,eurasian eagle owl,wildbird,Northern eagel owl,Bubo bubo,Strigiformes-Strigidae-Bubo-Bubo bubo,Species,16
snowy owl,snowy owl,wildbird,Snowy owl,Bubo scandiacus,Strigiformes-Strigidae-Bubo-Bubo scandiacus,Species,9
great horned owl,great horned owl,wildbird,Great horned owl,Bubo virginianus,Strigiformes-Strigidae-Bubo-Bubo virginianus,Species,44
peafowl,peafowl,wildbird,NA,NA,Galliformes-Phasianidae-NA-NA,Family,5
western screech owl,western screech owl,wildbird,Western screech owl,Megascops kennicottii,Strigiformes-Strigidae-Megascops-Megascops kennicottii,Species,1
otus scops,otus scops,wildbird,Eurasian scops-owl,Otus scops,Strigiformes-Strigidae-Otus-Otus scops,Species,1
tawny owl,tawny owl,wildbird,Tawny owl,Strix aluco,Strigiformes-Strigidae-Strix-Strix aluco,Species,5
ural owl,ural owl,wildbird,Ural owl,Strix uralensis,Strigiformes-Strigidae-Strix-Strix uralensis,Species,1
barred owl,barred owl,wildbird,Barred owl,Strix varia,Strigiformes-Strigidae-Strix-Strix varia,Species,5
barn owl,barn-owl,wildbird,Barn-owl,Tyto alba,Strigiformes-Tytonidae-Tyto-Tyto alba,Species,8
tyto alba,tyto alba,wildbird,Barn-owl,Tyto alba,Strigiformes-Tytonidae-Tyto-Tyto alba,Species,1
emu,emu,wildbird,Emu,Dromaius novaehollandiae,Struthioniformes-Casuariidae-Dromaius-Dromaius novaehollandiae,Species,15
peafowls,peafowls,wildbird,NA,NA,Galliformes-Phasianidae-NA-NA,Family,1
greater rhea,greater rhea,wildbird,Greater rhea,Rhea americana,Struthioniformes-Rheidae-Rhea-Rhea americana,Species,3
pheasant,pheasant,wildbird,NA,NA,Galliformes-Phasianidae-NA-NA,Family,165
ostriches (struthio camelus),ostriches (struthio camelus),wildbird,Common ostrich,Struthio camelus,Struthioniformes-Struthionidae-Struthio-Struthio camelus,Species,1
red winged tinamou,red winged tinamou,wildbird,Red-winged tinamou,Rhynchotus rufescens,Struthioniformes-Tinamidae-Rhynchotus-Rhynchotus rufescens,Species,1
wildbird fregata magnificens,magnificent frigatebird,wildbird,Magnificent frigatebird,Fregata magnificens,Suliformes-Fregatidae-Fregata-Fregata magnificens,Species,2
fox sparrow,fox sparrow,wildbird,NA,NA,Passeriformes-Passerellidae-Passerella-NA,Genus,1
unidentified bishop species,unidentified bishop species,wildbird,NA,NA,Passeriformes-Ploceidae-Euplectes-NA,Genus,1
crane,crane,wildbird,NA,NA,Gruiformes-Gruidae-NA-NA,Family,35
hill myna,hill myna,wildbird,NA,NA,Passeriformes-Sturnidae-Gracula-NA,Genus,1
reed warbler,reed warbler,wildbird,NA,NA,Passeriformes-Acrocephalidae-NA-NA,Family,1
double crested cormorant,double crested cormorant,wildbird,Double-crested cormorant,Phalacrocorax auritum,Suliformes-Phalacrocoracidae-Phalacrocorax-Phalacrocorax auritum,Species,4
guanay cormorant,guanay cormorant,wildbird,Guanay cormorant,Phalacrocorax bougainvillii,Suliformes-Phalacrocoracidae-Phalacrocorax-Phalacrocorax bougainvillii,Species,5
neotropic cormorant,neotropic cormorant,wildbird,Neotropic cormorant,Phalacrocorax brasilianum,Suliformes-Phalacrocoracidae-Phalacrocorax-Phalacrocorax brasilianum,Species,1
common cormorant,common cormorant,wildbird,Great Cormorant,Phalacrocorax carbo,Suliformes-Phalacrocoracidae-Phalacrocorax-Phalacrocorax carbo,Species,6
great cormorant,great cormorant,wildbird,Great cormorant,Phalacrocorax carbo,Suliformes-Phalacrocoracidae-Phalacrocorax-Phalacrocorax carbo,Species,21
phalacrocorax carbo,phalacrocorax carbo,wildbird,Great cormorant,Phalacrocorax carbo,Suliformes-Phalacrocoracidae-Phalacrocorax-Phalacrocorax carbo,Species,2
morus bassanus,morus bassanus,wildbird,Northern gannet,Morus bassanus,Suliformes-Sulidae-Morus-Morus bassanus,Species,2
northern gannet,northern gannet,wildbird,Northern gannet,Morus bassanus,Suliformes-Sulidae-Morus-Morus bassanus,Species,23
nothern gannet,nothern gannet,wildbird,Northern gannet,Morus bassanus,Suliformes-Sulidae-Morus-Morus bassanus,Species,1
cattle egret,cattle egret,wildbird,NA,NA,Pelecaniformes-Ardeidae-Bubulcus-NA,Genus,1
brown booby,brown booby,wildbird,Brown booby,Sula leucogaster,Suliformes-Sulidae-Sula-Sula leucogaster,Species,1
sula leucogaster,sula leucogaster,wildbird,Brown booby,Sula leucogaster,Suliformes-Sulidae-Sula-Sula leucogaster,Species,1
wildbird sula nebouxii,sula nebouxii,wildbird,Blue-footed booby,Sula nebouxii,Suliformes-Sulidae-Sula-Sula nebouxii,Species,2
peruvian booby,peruvian booby,wildbird,Peruvian Booby,Sula variegata,Suliformes-Sulidae-Sula-Sula variegata,Species,15
magpie,magpie,wildbird,NA,NA,Passeriformes-Corvidae-NA-NA,Family,10
pied megpie,pied megpie,wildbird,NA,NA,Passeriformes-Corvidae-NA-NA,Family,1
pelecanus,pelecanus,wildbird,NA,NA,Pelecaniformes-Pelecanidae-Pelecanus-NA,Genus,1
pelican,pelican,wildbird,NA,NA,Pelecaniformes-Pelecanidae-Pelecanus-NA,Genus,50
zoo pelican,pelican,wildbird,NA,NA,Pelecaniformes-Pelecanidae-Pelecanus-NA,Genus,1
swallow,swallow,wildbird,NA,NA,Passeriformes-Hirundinidae-NA-NA,Family,7
spoonbill,spoonbill,wildbird,NA,NA,Pelecaniformes-Threskiornithidae-Platalea-NA,Genus,2
sacred ibis,sacred ibis,wildbird,NA,NA,Pelecaniformes-Threskiornithidae-Threskiornis-NA,Genus,2
flamingo,flamingo,wildbird,NA,NA,Phoenicopteriformes-Phoenicopteridae-Phoenicopterus-NA,Genus,4
bulbul,bulbul,wildbird,NA,NA,Passeriformes-Pycnonotidae-NA-NA,Family,1
starling,starling,wildbird,NA,NA,Passeriformes-Sturnidae-NA-NA,Family,8
fulmar,fulmar,wildbird,NA,NA,Procellariiformes-Procellariidae-Fulmarus-NA,Genus,1
giant petrel,giant petrel,wildbird,NA,NA,Procellariiformes-Procellariidae-Macronectes-NA,Genus,1
egret,egret,wildbird,NA,NA,Pelecaniformes-Ardeidae-NA-NA,Family,15
heron,heron,wildbird,NA,NA,Pelecaniformes-Ardeidae-NA-NA,Family,9
ibis,ibis,wildbird,NA,NA,Pelecaniformes-Threskiornithidae-NA-NA,Family,2
g c grebe,g c grebe,wildbird,NA,NA,Podicipediformes-Podicipedidae-NA-NA,Family,1
grebe,grebe,wildbird,NA,NA,Podicipediformes-Podicipedidae-NA-NA,Family,11
amazon parrot,amazon parrot,wildbird,NA,NA,Psittaciformes-Psittacidae-Amazona-NA,Genus,1
shearwater,shearwater,wildbird,NA,NA,Procellariiformes-Procellariidae-NA-NA,Family,11
catalina macaw,catalina macaw,wildbird,NA,NA,Psittaciformes-Psittacidae-NA-NA,Family,1
penguin,penguin,wildbird,NA,NA,Sphenisciformes-Spheniscidae-NA-NA,Family,1
eagle owl,eagle owl,wildbird,NA,NA,Strigiformes-Strigidae-Bubo-NA,Genus,7
rhea,rhea,wildbird,NA,NA,Struthioniformes-Rheidae-Rhea-NA,Genus,5
ostrich,ostrich,wildbird,NA,NA,Struthioniformes-Struthionidae-Struthio-NA,Genus,127
frigatebird,frigatebird,wildbird,NA,NA,Suliformes-Fregatidae-Fregata-NA,Genus,1
cormorant,cormorant,wildbird,NA,NA,Suliformes-Phalacrocoracidae-NA-NA,Family,16
cormorants,cormorant,wildbird,NA,NA,Suliformes-Phalacrocoracidae-NA-NA,Family,1
shag,shag,wildbird,NA,NA,Suliformes-Phalacrocoracidae-NA-NA,Family,1
phalacrocorax,phalacrocorax,wildbird,NA,NA,Suliformes-Phalacrocoracidae-Phalacrocorax-NA,Genus,4
gannet,gannet,wildbird,NA,NA,Suliformes-Sulidae-Morus-NA,Genus,5
